Workbook

Sheet 曾庆伟
A1: 日期 | B1: 出勤工时 | C1: 工时效率 | D1: 项目号 | E1: 产品型号 | F1: 长度（mm） | G1: 工序 | H1: 单件标准工时（S/支） | I1: 合格产量（支数） | J1: 合格工时（S） | K1: 个人不良产量（支数） | L1: 加分项 | M1: 减分项 | N1: 考核合计工时（秒） | O1: 合计（小时） | P1: 说明 | Q1: 备注
J2: =H2*I2 -> 0 | N2: =J2-M2+L2 -> 0 | O2: =N2/3600 -> 0
A3: 46083 | B3: 11 | C3: =SUM(O3:O4)/B3 -> 1.3757576 | D3: 25090907-01 | E3: 113-80 | F3: 1942 | G3: 刮毛刺 | H3: {=INDEX(成本核算表!J:J,MATCH(1,(成本核算表!D:D=E3)*(成本核算表!C:C=G3),0))} -> 48 | I3: 507 | J3: =H3*I3 -> 24336 | N3: =J3-M3+L3 -> 24336 | O3: =N3/3600 -> 6.76
A4: 46083 | D4: 25090907-02 | E4: 113-80 | F4: 1942 | G4: 刮毛刺 | H4: {=INDEX(成本核算表!J:J,MATCH(1,(成本核算表!D:D=E4)*(成本核算表!C:C=G4),0))} -> 48 | I4: 628 | J4: =H4*I4 -> 30144 | N4: =J4-M4+L4 -> 30144 | O4: =N4/3600 -> 8.3733333
A5: 46084 | B5: 11 | C5: =SUM(O5:O8)/B5 -> 1.3065657 | E5: 导电杆 | G5: CNC | H5: {=INDEX(成本核算表!J:J,MATCH(1,(成本核算表!D:D=E5)*(成本核算表!C:C=G5),0))} -> 300 | I5: 104 | J5: =H5*I5 -> 31200 | N5: =J5-M5+L5 -> 31200 | O5: =N5/3600 -> 8.6666667
A6: 46084 | E6: 门小件 | G6: CNC1 | H6: {=INDEX(成本核算表!J:J,MATCH(1,(成本核算表!D:D=E6)*(成本核算表!C:C=G6),0))} -> 450 | I6: 18 | J6: =H6*I6 -> 8100 | N6: =J6-M6+L6 -> 8100 | O6: =N6/3600 -> 2.25
A7: 46084 | E7: 门小件 | G7: CNC2 | H7: {=INDEX(成本核算表!J:J,MATCH(1,(成本核算表!D:D=E7)*(成本核算表!C:C=G7),0))} -> 120 | I7: 17 | J7: =H7*I7 -> 2040 | N7: =J7-M7+L7 -> 2040 | O7: =N7/3600 -> 0.56666667
A8: 46084 | D8: 26022505-03 | E8: 258-308 | F8: 180 | G8: CNC1 | H8: {=INDEX(成本核算表!J:J,MATCH(1,(成本核算表!D:D=E8)*(成本核算表!C:C=G8),0))} -> 800 | I8: 13 | J8: =H8*I8 -> 10400 | N8: =J8-M8+L8 -> 10400 | O8: =N8/3600 -> 2.8888889
A9: 46085 | B9: 11 | C9: =SUM(O9:O11)/B9 -> 0.83151515 | E9: 门小件 | G9: CNC3 | H9: {=INDEX(成本核算表!J:J,MATCH(1,(成本核算表!D:D=E9)*(成本核算表!C:C=G9),0))} -> 120 | I9: 18 | J9: =H9*I9 -> 2160 | N9: =J9-M9+L9 -> 2160 | O9: =N9/3600 -> 0.6
A10: 46085 | E10: 导电杆 | G10: CNC | H10: 42 | I10: 104 | J10: =H10*I10 -> 4368 | N10: =J10-M10+L10 -> 4368 | O10: =N10/3600 -> 1.2133333
A11: 46085 | D11: 26022505-02 | E11: 258-308 | F11: 180 | G11: CNC1 | H11: {=INDEX(成本核算表!J:J,MATCH(1,(成本核算表!D:D=E11)*(成本核算表!C:C=G11),0))} -> 800 | I11: 33 | J11: =H11*I11 -> 26400 | N11: =J11-M11+L11 -> 26400 | O11: =N11/3600 -> 7.3333333
A12: 46086 | B12: 11 | C12: =SUM(O12:O13)/B12 -> 0.72979798 | D12: 26022505-02 | E12: 258-308 | F12: 180 | G12: CNC1 | H12: {=INDEX(成本核算表!J:J,MATCH(1,(成本核算表!D:D=E12)*(成本核算表!C:C=G12),0))} -> 800 | I12: 8 | J12: =H12*I12 -> 6400 | N12: =J12-M12+L12 -> 6400 | O12: =N12/3600 -> 1.7777778
A13: 46086 | D13: 26022505-02 | E13: 258-308 | F13: 180 | G13: 检验 | H13: {=INDEX(成本核算表!J:J,MATCH(1,(成本核算表!D:D=E13)*(成本核算表!C:C=G13),0))} -> 60 | I13: 135 | J13: =H13*I13 -> 8100 | L13: 14400 | N13: =J13-M13+L13 -> 22500 | O13: =N13/3600 -> 6.25 | Q13: 来料表面不好，检验
A14: 46087 | B14: 11 | C14: =SUM(O14:O16)/B14 -> 0.95454545 | E14: 286-424 | G14: 打孔 | H14: {=INDEX(成本核算表!J:J,MATCH(1,(成本核算表!D:D=E14)*(成本核算表!C:C=G14),0))} -> 100 | I14: 18 | J14: =H14*I14 -> 1800 | N14: =J14-M14+L14 -> 1800 | O14: =N14/3600 -> 0.5
A15: 46087 | E15: 286-337 | G15: 打孔 | H15: {=INDEX(成本核算表!J:J,MATCH(1,(成本核算表!D:D=E15)*(成本核算表!C:C=G15),0))} -> 100 | I15: 12 | J15: =H15*I15 -> 1200 | N15: =J15-M15+L15 -> 1200 | O15: =N15/3600 -> 0.33333333
A16: 46087 | D16: 26020502-03 | E16: 105-331 | F16: 119.5 | G16: 倒角 | H16: {=INDEX(成本核算表!J:J,MATCH(1,(成本核算表!D:D=E16)*(成本核算表!C:C=G16),0))} -> 15 | I16: 400 | J16: =H16*I16 -> 6000 | L16: =3600*8 -> 28800 | N16: =J16-M16+L16 -> 34800 | O16: =N16/3600 -> 9.6666667
A17: 46088 | B17: 4 | C17: =O17/B17 -> 0.78958333 | E17: 286-430 | G17: 铣缺口 | H17: 30 | I17: 19 | J17: =H17*I17 -> 570 | L17: =3*3600 -> 10800 | N17: =J17-M17+L17 -> 11370 | O17: =N17/3600 -> 3.1583333
H18: {=INDEX(成本核算表!J:J,MATCH(1,(成本核算表!D:D=E18)*(成本核算表!C:C=G18),0))} -> 0 | J18: =H18*I18 -> 0 | N18: =J18-M18+L18 -> 0 | O18: =N18/3600 -> 0
A19: 46090 | B19: 11 | C19: =O19/B19 -> 0.42424242 | D19: 26020502-02 | E19: 105-331 | F19: 119.5 | G19: 沉孔 | H19: {=INDEX(成本核算表!J:J,MATCH(1,(成本核算表!D:D=E19)*(成本核算表!C:C=G19),0))} -> 12 | I19: 1400 | J19: =H19*I19 -> 16800 | N19: =J19-M19+L19 -> 16800 | O19: =N19/3600 -> 4.6666667
A20: 46091 | B20: 11 | C20: =O20/B20 -> 0.46363636 | D20: 26020502-02 | E20: 105-331 | F20: 119.5 | G20: 沉孔 | H20: {=INDEX(成本核算表!J:J,MATCH(1,(成本核算表!D:D=E20)*(成本核算表!C:C=G20),0))} -> 12 | I20: 1530 | J20: =H20*I20 -> 18360 | N20: =J20-M20+L20 -> 18360 | O20: =N20/3600 -> 5.1
A21: 46092 | B21: 11 | H21: {=INDEX(成本核算表!J:J,MATCH(1,(成本核算表!D:D=E21)*(成本核算表!C:C=G21),0))} -> 0 | J21: =H21*I21 -> 0 | L21: =11*3600 -> 39600 | N21: =J21-M21+L21 -> 39600 | O21: =N21/3600 -> 11
A22: 46093 | B22: 11 | C22: =O22/B22 -> 0.36363636 | D22: 26020502-02 | E22: 105-331 | F22: 119.5 | G22: 沉孔 | H22: {=INDEX(成本核算表!J:J,MATCH(1,(成本核算表!D:D=E22)*(成本核算表!C:C=G22),0))} -> 12 | I22: =120+1080 -> 1200 | J22: =H22*I22 -> 14400 | N22: =J22-M22+L22 -> 14400 | O22: =N22/3600 -> 4
A23: 46094 | B23: 11 | C23: =O23/B23 -> 0.57575758 | D23: 26020502-02 | E23: 105-331 | F23: 119.5 | G23: 沉孔 | H23: {=INDEX(成本核算表!J:J,MATCH(1,(成本核算表!D:D=E23)*(成本核算表!C:C=G23),0))} -> 12 | I23: 1900 | J23: =H23*I23 -> 22800 | N23: =J23-M23+L23 -> 22800 | O23: =N23/3600 -> 6.3333333
A24: 46095 | B24: 9.5 | C24: =O24/B24 -> 0.43754386 | D24: 26020502-02 | E24: 105-331 | F24: 119.5 | G24: 沉孔 | H24: {=INDEX(成本核算表!J:J,MATCH(1,(成本核算表!D:D=E24)*(成本核算表!C:C=G24),0))} -> 12 | I24: 1247 | J24: =H24*I24 -> 14964 | N24: =J24-M24+L24 -> 14964 | O24: =N24/3600 -> 4.1566667
H25: {=INDEX(成本核算表!J:J,MATCH(1,(成本核算表!D:D=E25)*(成本核算表!C:C=G25),0))} -> 0 | J25: =H25*I25 -> 0 | N25: =J25-M25+L25 -> 0 | O25: =N25/3600 -> 0
A26: 46097 | B26: 11 | C26: =SUM(O26:O27)/B26 -> 0.81090909 | D26: 26020502-03 | E26: 105-331 | F26: 119.5 | G26: 倒角 | H26: {=INDEX(成本核算表!J:J,MATCH(1,(成本核算表!D:D=E26)*(成本核算表!C:C=G26),0))} -> 15 | I26: 504 | J26: =H26*I26 -> 7560 | N26: =J26-M26+L26 -> 7560 | O26: =N26/3600 -> 2.1
A27: 46097 | D27: 26020502-02 | E27: 105-331 | F27: 119.5 | G27: 沉孔 | H27: {=INDEX(成本核算表!J:J,MATCH(1,(成本核算表!D:D=E27)*(成本核算表!C:C=G27),0))} -> 12 | I27: 2046 | J27: =H27*I27 -> 24552 | N27: =J27-M27+L27 -> 24552 | O27: =N27/3600 -> 6.82
A28: 46098 | B28: 11 | C28: =SUM(O28:O29)/B28 -> 0.63636364 | D28: 26020502-03 | E28: 105-331 | F28: 119.5 | G28: 倒角 | H28: {=INDEX(成本核算表!J:J,MATCH(1,(成本核算表!D:D=E28)*(成本核算表!C:C=G28),0))} -> 15 | I28: 1232 | J28: =H28*I28 -> 18480 | N28: =J28-M28+L28 -> 18480 | O28: =N28/3600 -> 5.1333333
A29: 46098 | D29: 26020502-02 | E29: 105-331 | F29: 119.5 | G29: 沉孔 | H29: {=INDEX(成本核算表!J:J,MATCH(1,(成本核算表!D:D=E29)*(成本核算表!C:C=G29),0))} -> 12 | I29: 560 | J29: =H29*I29 -> 6720 | N29: =J29-M29+L29 -> 6720 | O29: =N29/3600 -> 1.8666667
A30: 46099 | B30: 11 | C30: =O30/B30 -> 0.75 | D30: 26020502-02 | E30: 105-331 | F30: 119.5 | G30: 倒角 | H30: {=INDEX(成本核算表!J:J,MATCH(1,(成本核算表!D:D=E30)*(成本核算表!C:C=G30),0))} -> 15 | I30: =850+1130 -> 1980 | J30: =H30*I30 -> 29700 | N30: =J30-M30+L30 -> 29700 | O30: =N30/3600 -> 8.25
A31: 46100 | B31: 11 | C31: =O31/B31 -> 0.57575758 | D31: 26020502-03 | E31: 105-331 | F31: 119.5 | G31: 倒角 | H31: {=INDEX(成本核算表!J:J,MATCH(1,(成本核算表!D:D=E31)*(成本核算表!C:C=G31),0))} -> 15 | I31: 1520 | J31: =H31*I31 -> 22800 | N31: =J31-M31+L31 -> 22800 | O31: =N31/3600 -> 6.3333333
A32: 46101 | B32: 11 | C32: =O32/B32 -> 0.83712121 | D32: 26020502-03 | E32: 105-331 | F32: 119.5 | G32: 倒角 | H32: {=INDEX(成本核算表!J:J,MATCH(1,(成本核算表!D:D=E32)*(成本核算表!C:C=G32),0))} -> 15 | I32: 650 | J32: =H32*I32 -> 9750 | L32: =6.5*3600 -> 23400 | N32: =J32-M32+L32 -> 33150 | O32: =N32/3600 -> 9.2083333
H33: {=INDEX(成本核算表!J:J,MATCH(1,(成本核算表!D:D=E33)*(成本核算表!C:C=G33),0))} -> 0 | J33: =H33*I33 -> 0 | N33: =J33-M33+L33 -> 0 | O33: =N33/3600 -> 0
H34: {=INDEX(成本核算表!J:J,MATCH(1,(成本核算表!D:D=E34)*(成本核算表!C:C=G34),0))} -> 0 | J34: =H34*I34 -> 0 | N34: =J34-M34+L34 -> 0 | O34: =N34/3600 -> 0
H35: {=INDEX(成本核算表!J:J,MATCH(1,(成本核算表!D:D=E35)*(成本核算表!C:C=G35),0))} -> 0 | J35: =H35*I35 -> 0 | N35: =J35-M35+L35 -> 0 | O35: =N35/3600 -> 0
H36: {=INDEX(成本核算表!J:J,MATCH(1,(成本核算表!D:D=E36)*(成本核算表!C:C=G36),0))} -> 0 | J36: =H36*I36 -> 0 | N36: =J36-M36+L36 -> 0 | O36: =N36/3600 -> 0
H37: {=INDEX(成本核算表!J:J,MATCH(1,(成本核算表!D:D=E37)*(成本核算表!C:C=G37),0))} -> 0 | J37: =H37*I37 -> 0 | N37: =J37-M37+L37 -> 0 | O37: =N37/3600 -> 0
H38: {=INDEX(成本核算表!J:J,MATCH(1,(成本核算表!D:D=E38)*(成本核算表!C:C=G38),0))} -> 0 | J38: =H38*I38 -> 0 | N38: =J38-M38+L38 -> 0 | O38: =N38/3600 -> 0
H39: {=INDEX(成本核算表!J:J,MATCH(1,(成本核算表!D:D=E39)*(成本核算表!C:C=G39),0))} -> 0 | J39: =H39*I39 -> 0 | N39: =J39-M39+L39 -> 0 | O39: =N39/3600 -> 0
H40: {=INDEX(成本核算表!J:J,MATCH(1,(成本核算表!D:D=E40)*(成本核算表!C:C=G40),0))} -> 0 | J40: =H40*I40 -> 0 | N40: =J40-M40+L40 -> 0 | O40: =N40/3600 -> 0
H41: {=INDEX(成本核算表!J:J,MATCH(1,(成本核算表!D:D=E41)*(成本核算表!C:C=G41),0))} -> 0 | J41: =H41*I41 -> 0 | N41: =J41-M41+L41 -> 0 | O41: =N41/3600 -> 0
H42: {=INDEX(成本核算表!J:J,MATCH(1,(成本核算表!D:D=E42)*(成本核算表!C:C=G42),0))} -> 0 | J42: =H42*I42 -> 0 | N42: =J42-M42+L42 -> 0 | O42: =N42/3600 -> 0
H43: {=INDEX(成本核算表!J:J,MATCH(1,(成本核算表!D:D=E43)*(成本核算表!C:C=G43),0))} -> 0 | J43: =H43*I43 -> 0 | N43: =J43-M43+L43 -> 0 | O43: =N43/3600 -> 0
H44: {=INDEX(成本核算表!J:J,MATCH(1,(成本核算表!D:D=E44)*(成本核算表!C:C=G44),0))} -> 0 | J44: =H44*I44 -> 0 | N44: =J44-M44+L44 -> 0 | O44: =N44/3600 -> 0
... H101: {=INDEX(成本核算表!J:J,MATCH(1,(成本核算表!D:D=E101)*(成本核算表!C:C=G101),0))} -> 0 | J101: =H101*I101 -> 0 | N101: =J101-M101+L101 -> 0 | O101: =N101/3600 -> 0

Sheet 王福雪
A1: 日期 | B1: 出勤工时 | C1: 工时效率 | D1: 项目号 | E1: 产品型号 | F1: 长度（mm） | G1: 工序 | H1: 单件标准工时（S/支） | I1: 合格产量（支数） | J1: 合格工时（S） | K1: 个人不良产量（支数） | L1: 加分项 | M1: 减分项 | N1: 考核合计工时（秒） | O1: 合计（小时） | P1: 说明 | Q1: 备注
A2: 46082 | B2: 9.5 | C2: =SUM(O2:O3)/B2 -> 1.3397661 | D2: 26010702-01 | E2: 286-474 | F2: 151.1 | G2: 冲孔 | H2: {=INDEX(成本核算表!J:J,MATCH(1,(成本核算表!D:D=E2)*(成本核算表!C:C=G2),0))} -> 20 | I2: 1400 | J2: =H2*I2 -> 28000 | N2: =J2-M2+L2 -> 28000 | O2: =N2/3600 -> 7.7777778
A3: 46082 | D3: 26010702-05 | E3: 286-470 | F3: 156 | G3: 冲孔 | H3: {=INDEX(成本核算表!J:J,MATCH(1,(成本核算表!D:D=E3)*(成本核算表!C:C=G3),0))} -> 15 | I3: 1188 | J3: =H3*I3 -> 17820 | N3: =J3-M3+L3 -> 17820 | O3: =N3/3600 -> 4.95
J4: =H4*I4 -> 0 | N4: =J4-M4+L4 -> 0 | O4: =N4/3600 -> 0
J5: =H5*I5 -> 0 | N5: =J5-M5+L5 -> 0 | O5: =N5/3600 -> 0
J6: =H6*I6 -> 0 | N6: =J6-M6+L6 -> 0 | O6: =N6/3600 -> 0
J7: =H7*I7 -> 0 | N7: =J7-M7+L7 -> 0 | O7: =N7/3600 -> 0
A8: 46087 | B8: 11 | C8: =SUM(O8:O9)/B8 -> 1.1893939 | D8: 26022709-02 | E8: 180-261 | F8: 950 | G8: 冲安装孔 | H8: {=INDEX(成本核算表!J:J,MATCH(1,(成本核算表!D:D=E8)*(成本核算表!C:C=G8),0))} -> 25 | I8: 1080 | J8: =H8*I8 -> 27000 | N8: =J8-M8+L8 -> 27000 | O8: =N8/3600 -> 7.5
A9: 46087 | D9: 26022711-02 | E9: 180-261 | F9: 950 | G9: 冲安装孔 | H9: {=INDEX(成本核算表!J:J,MATCH(1,(成本核算表!D:D=E9)*(成本核算表!C:C=G9),0))} -> 25 | I9: 804 | J9: =H9*I9 -> 20100 | N9: =J9-M9+L9 -> 20100 | O9: =N9/3600 -> 5.5833333
A10: 46088 | B10: 4 | C10: =SUM(O10:O10)/B10 -> 1.4288194 | D10: 26022711-01 | E10: 180-260 | F10: 950 | G10: 冲安装孔 | H10: {=INDEX(成本核算表!J:J,MATCH(1,(成本核算表!D:D=E10)*(成本核算表!C:C=G10),0))} -> 25 | I10: 823 | J10: =H10*I10 -> 20575 | N10: =J10-M10+L10 -> 20575 | O10: =N10/3600 -> 5.7152778
H11: {=INDEX(成本核算表!J:J,MATCH(1,(成本核算表!D:D=E11)*(成本核算表!C:C=G11),0))} -> 0 | J11: =H11*I11 -> 0 | N11: =J11-M11+L11 -> 0 | O11: =N11/3600 -> 0
H12: {=INDEX(成本核算表!J:J,MATCH(1,(成本核算表!D:D=E12)*(成本核算表!C:C=G12),0))} -> 0 | J12: =H12*I12 -> 0 | N12: =J12-M12+L12 -> 0 | O12: =N12/3600 -> 0
H13: {=INDEX(成本核算表!J:J,MATCH(1,(成本核算表!D:D=E13)*(成本核算表!C:C=G13),0))} -> 0 | J13: =H13*I13 -> 0 | N13: =J13-M13+L13 -> 0 | O13: =N13/3600 -> 0
H14: {=INDEX(成本核算表!J:J,MATCH(1,(成本核算表!D:D=E14)*(成本核算表!C:C=G14),0))} -> 0 | J14: =H14*I14 -> 0 | N14: =J14-M14+L14 -> 0 | O14: =N14/3600 -> 0
H15: {=INDEX(成本核算表!J:J,MATCH(1,(成本核算表!D:D=E15)*(成本核算表!C:C=G15),0))} -> 0 | J15: =H15*I15 -> 0 | N15: =J15-M15+L15 -> 0 | O15: =N15/3600 -> 0
H16: {=INDEX(成本核算表!J:J,MATCH(1,(成本核算表!D:D=E16)*(成本核算表!C:C=G16),0))} -> 0 | J16: =H16*I16 -> 0 | N16: =J16-M16+L16 -> 0 | O16: =N16/3600 -> 0
H17: {=INDEX(成本核算表!J:J,MATCH(1,(成本核算表!D:D=E17)*(成本核算表!C:C=G17),0))} -> 0 | J17: =H17*I17 -> 0 | N17: =J17-M17+L17 -> 0 | O17: =N17/3600 -> 0
H18: {=INDEX(成本核算表!J:J,MATCH(1,(成本核算表!D:D=E18)*(成本核算表!C:C=G18),0))} -> 0 | J18: =H18*I18 -> 0 | N18: =J18-M18+L18 -> 0 | O18: =N18/3600 -> 0
H19: {=INDEX(成本核算表!J:J,MATCH(1,(成本核算表!D:D=E19)*(成本核算表!C:C=G19),0))} -> 0 | J19: =H19*I19 -> 0 | N19: =J19-M19+L19 -> 0 | O19: =N19/3600 -> 0
H20: {=INDEX(成本核算表!J:J,MATCH(1,(成本核算表!D:D=E20)*(成本核算表!C:C=G20),0))} -> 0 | J20: =H20*I20 -> 0 | N20: =J20-M20+L20 -> 0 | O20: =N20/3600 -> 0
A21: 46099 | B21: 11 | C21: =SUM(O21:O22)/B21 -> 1.3145455 | D21: 26020502-03 | E21: 105-331 | F21: 119.5 | G21: 冲弯 | H21: {=INDEX(成本核算表!J:J,MATCH(1,(成本核算表!D:D=E21)*(成本核算表!C:C=G21),0))} -> 12 | I21: 3528 | J21: =H21*I21 -> 42336 | N21: =J21-M21+L21 -> 42336 | O21: =N21/3600 -> 11.76
A22: 46099 | D22: 26020502-02 | E22: 105-331 | F22: 119.5 | G22: 冲弯 | H22: {=INDEX(成本核算表!J:J,MATCH(1,(成本核算表!D:D=E22)*(成本核算表!C:C=G22),0))} -> 12 | I22: 810 | J22: =H22*I22 -> 9720 | N22: =J22-M22+L22 -> 9720 | O22: =N22/3600 -> 2.7
A23: 46100 | B23: 11 | C23: =SUM(O23:O24)/B23 -> 1.2206061 | D23: 26020502-02 | E23: 105-331 | F23: 119.5 | G23: 冲弯 | H23: {=INDEX(成本核算表!J:J,MATCH(1,(成本核算表!D:D=E23)*(成本核算表!C:C=G23),0))} -> 12 | I23: 3228 | J23: =H23*I23 -> 38736 | N23: =J23-M23+L23 -> 38736 | O23: =N23/3600 -> 10.76
A24: 46100 | D24: 26020502-03 | E24: 105-331 | F24: 119.5 | G24: 冲弯 | H24: {=INDEX(成本核算表!J:J,MATCH(1,(成本核算表!D:D=E24)*(成本核算表!C:C=G24),0))} -> 12 | I24: 800 | J24: =H24*I24 -> 9600 | N24: =J24-M24+L24 -> 9600 | O24: =N24/3600 -> 2.6666667
A25: 46101 | B25: 11 | C25: =SUM(O25:O26)/B25 -> 1.2857576 | D25: 26020502-02 | E25: 105-331 | F25: 119.5 | G25: 冲弯 | H25: {=INDEX(成本核算表!J:J,MATCH(1,(成本核算表!D:D=E25)*(成本核算表!C:C=G25),0))} -> 12 | I25: 3643 | J25: =H25*I25 -> 43716 | N25: =J25-M25+L25 -> 43716 | O25: =N25/3600 -> 12.143333
A26: 46101 | D26: 26020502-03 | E26: 105-331 | F26: 119.5 | G26: 冲弯 | H26: {=INDEX(成本核算表!J:J,MATCH(1,(成本核算表!D:D=E26)*(成本核算表!C:C=G26),0))} -> 12 | I26: 600 | J26: =H26*I26 -> 7200 | N26: =J26-M26+L26 -> 7200 | O26: =N26/3600 -> 2
H27: {=INDEX(成本核算表!J:J,MATCH(1,(成本核算表!D:D=E27)*(成本核算表!C:C=G27),0))} -> 0 | J27: =H27*I27 -> 0 | N27: =J27-M27+L27 -> 0 | O27: =N27/3600 -> 0
H28: {=INDEX(成本核算表!J:J,MATCH(1,(成本核算表!D:D=E28)*(成本核算表!C:C=G28),0))} -> 0 | J28: =H28*I28 -> 0 | N28: =J28-M28+L28 -> 0 | O28: =N28/3600 -> 0
H29: {=INDEX(成本核算表!J:J,MATCH(1,(成本核算表!D:D=E29)*(成本核算表!C:C=G29),0))} -> 0 | J29: =H29*I29 -> 0 | N29: =J29-M29+L29 -> 0 | O29: =N29/3600 -> 0
H30: {=INDEX(成本核算表!J:J,MATCH(1,(成本核算表!D:D=E30)*(成本核算表!C:C=G30),0))} -> 0 | J30: =H30*I30 -> 0 | N30: =J30-M30+L30 -> 0 | O30: =N30/3600 -> 0
H31: {=INDEX(成本核算表!J:J,MATCH(1,(成本核算表!D:D=E31)*(成本核算表!C:C=G31),0))} -> 0 | J31: =H31*I31 -> 0 | N31: =J31-M31+L31 -> 0 | O31: =N31/3600 -> 0
H32: {=INDEX(成本核算表!J:J,MATCH(1,(成本核算表!D:D=E32)*(成本核算表!C:C=G32),0))} -> 0 | J32: =H32*I32 -> 0 | N32: =J32-M32+L32 -> 0 | O32: =N32/3600 -> 0
H33: {=INDEX(成本核算表!J:J,MATCH(1,(成本核算表!D:D=E33)*(成本核算表!C:C=G33),0))} -> 0 | J33: =H33*I33 -> 0 | N33: =J33-M33+L33 -> 0 | O33: =N33/3600 -> 0
H34: {=INDEX(成本核算表!J:J,MATCH(1,(成本核算表!D:D=E34)*(成本核算表!C:C=G34),0))} -> 0 | J34: =H34*I34 -> 0 | N34: =J34-M34+L34 -> 0 | O34: =N34/3600 -> 0
H35: {=INDEX(成本核算表!J:J,MATCH(1,(成本核算表!D:D=E35)*(成本核算表!C:C=G35),0))} -> 0 | J35: =H35*I35 -> 0 | N35: =J35-M35+L35 -> 0 | O35: =N35/3600 -> 0
H36: {=INDEX(成本核算表!J:J,MATCH(1,(成本核算表!D:D=E36)*(成本核算表!C:C=G36),0))} -> 0 | J36: =H36*I36 -> 0 | N36: =J36-M36+L36 -> 0 | O36: =N36/3600 -> 0
H37: {=INDEX(成本核算表!J:J,MATCH(1,(成本核算表!D:D=E37)*(成本核算表!C:C=G37),0))} -> 0 | J37: =H37*I37 -> 0 | N37: =J37-M37+L37 -> 0 | O37: =N37/3600 -> 0
H38: {=INDEX(成本核算表!J:J,MATCH(1,(成本核算表!D:D=E38)*(成本核算表!C:C=G38),0))} -> 0 | J38: =H38*I38 -> 0 | N38: =J38-M38+L38 -> 0 | O38: =N38/3600 -> 0
... H100: {=INDEX(成本核算表!J:J,MATCH(1,(成本核算表!D:D=E100)*(成本核算表!C:C=G100),0))} -> 0 | J100: =H100*I100 -> 0 | N100: =J100-M100+L100 -> 0 | O100: =N100/3600 -> 0
J101: =H101*I101 -> 0 | N101: =J101-M101+L101 -> 0 | O101: =N101/3600 -> 0

Sheet 向玲
A1: 日期 | B1: 出勤工时 | C1: 工时效率 | D1: 项目号 | E1: 产品型号 | F1: 长度（mm） | G1: 工序 | H1: 单件标准工时（S/支） | I1: 合格产量（支数） | J1: 合格工时（S） | K1: 个人不良产量（支数） | L1: 加分项 | M1: 减分项 | N1: 考核合计工时（秒） | O1: 合计（小时） | P1: 说明 | Q1: 备注
A2: 46082 | B2: 9.5 | C2: =SUM(O2:O4)/B2 -> 0.97836257 | D2: 26022708-06 | E2: 180-259 | F2: 1150 | G2: 打孔1 | H2: {=INDEX(成本核算表!J:J,MATCH(1,(成本核算表!D:D=E2)*(成本核算表!C:C=G2),0))} -> 15 | I2: 520 | J2: =H2*I2 -> 7800 | N2: =J2-M2+L2 -> 7800 | O2: =N2/3600 -> 2.1666667
A3: 46082 | D3: 26022708-06 | E3: 180-259 | F3: 1150 | G3: 打孔2 | H3: {=INDEX(成本核算表!J:J,MATCH(1,(成本核算表!D:D=E3)*(成本核算表!C:C=G3),0))} -> 25 | I3: 522 | J3: =H3*I3 -> 13050 | K3: =2*2 -> 4 | M3: =K3*H3 -> 100 | N3: =J3-M3+L3 -> 12950 | O3: =N3/3600 -> 3.5972222
A4: 46082 | D4: 26020502-02 | E4: 105-331 | F4: 119.5 | G4: 冲切 | H4: {=INDEX(成本核算表!J:J,MATCH(1,(成本核算表!D:D=E4)*(成本核算表!C:C=G4),0))} -> 10 | I4: 1271 | J4: =H4*I4 -> 12710 | N4: =J4-M4+L4 -> 12710 | O4: =N4/3600 -> 3.5305556
A5: 46083 | B5: 11 | C5: =SUM(O5:O7)/B5 -> 0.90901515 | D5: 26020502-02 | E5: 105-331 | F5: 119.5 | G5: 冲弯 | H5: {=INDEX(成本核算表!J:J,MATCH(1,(成本核算表!D:D=E5)*(成本核算表!C:C=G5),0))} -> 12 | I5: 596 | J5: =H5*I5 -> 7152 | N5: =J5-M5+L5 -> 7152 | O5: =N5/3600 -> 1.9866667
A6: 46083 | D6: 26020502-03 | E6: 105-331 | F6: 119.5 | G6: 冲弯 | H6: {=INDEX(成本核算表!J:J,MATCH(1,(成本核算表!D:D=E6)*(成本核算表!C:C=G6),0))} -> 12 | I6: 1160 | J6: =H6*I6 -> 13920 | N6: =J6-M6+L6 -> 13920 | O6: =N6/3600 -> 3.8666667
A7: 46083 | D7: 26013005-04 | E7: 262-1791 | F7: 1990 | G7: 冲孔2 | H7: {=INDEX(成本核算表!J:J,MATCH(1,(成本核算表!D:D=E7)*(成本核算表!C:C=G7),0))} -> 25 | I7: 597 | J7: =H7*I7 -> 14925 | N7: =J7-M7+L7 -> 14925 | O7: =N7/3600 -> 4.1458333
A8: 46084 | B8: 11 | C8: =SUM(O8:O9)/B8 -> 1.0153535 | D8: 26020502-02 | E8: 105-331 | F8: 119.5 | G8: 冲弯 | H8: {=INDEX(成本核算表!J:J,MATCH(1,(成本核算表!D:D=E8)*(成本核算表!C:C=G8),0))} -> 12 | I8: =1313+750 -> 2063 | J8: =H8*I8 -> 24756 | N8: =J8-M8+L8 -> 24756 | O8: =N8/3600 -> 6.8766667
A9: 46084 | D9: 26020502-02 | E9: 105-331 | F9: 119.5 | G9: 检验 | H9: {=INDEX(成本核算表!J:J,MATCH(1,(成本核算表!D:D=E9)*(成本核算表!C:C=G9),0))} -> 4 | I9: =1313+750 -> 2063 | J9: =H9*I9 -> 8252 | L9: 7200 | N9: =J9-M9+L9 -> 15452 | O9: =N9/3600 -> 4.2922222
A10: 46085 | B10: 11 | C10: =SUM(O10:O15)/B10 -> 1.082702 | D10: 26022711-07 | E10: 180-259 | F10: 950 | G10: 打孔1 | H10: {=INDEX(成本核算表!J:J,MATCH(1,(成本核算表!D:D=E10)*(成本核算表!C:C=G10),0))} -> 15 | I10: 610 | J10: =H10*I10 -> 9150 | N10: =J10-M10+L10 -> 9150 | O10: =N10/3600 -> 2.5416667
A11: 46085 | D11: 26022711-07 | E11: 180-259 | F11: 950 | G11: 打孔2 | H11: {=INDEX(成本核算表!J:J,MATCH(1,(成本核算表!D:D=E11)*(成本核算表!C:C=G11),0))} -> 25 | I11: 610 | J11: =H11*I11 -> 15250 | N11: =J11-M11+L11 -> 15250 | O11: =N11/3600 -> 4.2361111
A12: 46085 | D12: 26022710-07 | E12: 180-259 | F12: 950 | G12: 打孔1 | H12: {=INDEX(成本核算表!J:J,MATCH(1,(成本核算表!D:D=E12)*(成本核算表!C:C=G12),0))} -> 15 | I12: 90 | J12: =H12*I12 -> 1350 | N12: =J12-M12+L12 -> 1350 | O12: =N12/3600 -> 0.375
A13: 46085 | D13: 26022710-07 | E13: 180-259 | F13: 950 | G13: 打孔2 | H13: {=INDEX(成本核算表!J:J,MATCH(1,(成本核算表!D:D=E13)*(成本核算表!C:C=G13),0))} -> 25 | I13: 90 | J13: =H13*I13 -> 2250 | N13: =J13-M13+L13 -> 2250 | O13: =N13/3600 -> 0.625
A14: 46085 | D14: 26022709-03 | E14: 180-259 | F14: 950 | G14: 打孔1 | H14: {=INDEX(成本核算表!J:J,MATCH(1,(成本核算表!D:D=E14)*(成本核算表!C:C=G14),0))} -> 15 | I14: 360 | J14: =H14*I14 -> 5400 | N14: =J14-M14+L14 -> 5400 | O14: =N14/3600 -> 1.5
A15: 46085 | D15: 26022709-03 | E15: 180-259 | F15: 950 | G15: 打孔2 | H15: {=INDEX(成本核算表!J:J,MATCH(1,(成本核算表!D:D=E15)*(成本核算表!C:C=G15),0))} -> 25 | I15: 379 | J15: =H15*I15 -> 9475 | N15: =J15-M15+L15 -> 9475 | O15: =N15/3600 -> 2.6319444
A16: 46086 | B16: 11 | C16: =SUM(O16)/B16 -> 0.96060606 | D16: 26020502-03 | E16: 105-331 | F16: 119.5 | G16: 冲弯 | H16: {=INDEX(成本核算表!J:J,MATCH(1,(成本核算表!D:D=E16)*(成本核算表!C:C=G16),0))} -> 12 | I16: 3170 | J16: =H16*I16 -> 38040 | N16: =J16-M16+L16 -> 38040 | O16: =N16/3600 -> 10.566667
A17: 46087 | B17: 11 | C17: =SUM(O17)/B17 -> 0.93333333 | D17: 26020502-03 | E17: 105-331 | F17: 119.5 | G17: 冲弯 | H17: {=INDEX(成本核算表!J:J,MATCH(1,(成本核算表!D:D=E17)*(成本核算表!C:C=G17),0))} -> 12 | I17: 3080 | J17: =H17*I17 -> 36960 | N17: =J17-M17+L17 -> 36960 | O17: =N17/3600 -> 10.266667
A18: 46088 | B18: 11 | C18: =SUM(O18:O19)/B18 -> 1.0018182 | D18: 26020502-03 | E18: 105-331 | F18: 119.5 | G18: 冲弯 | H18: {=INDEX(成本核算表!J:J,MATCH(1,(成本核算表!D:D=E18)*(成本核算表!C:C=G18),0))} -> 12 | I18: 1156 | J18: =H18*I18 -> 13872 | L18: 18000 | N18: =J18-M18+L18 -> 31872 | O18: =N18/3600 -> 8.8533333
A19: 46088 | D19: 26020502-02 | E19: 105-331 | F19: 119.5 | G19: 冲弯 | H19: {=INDEX(成本核算表!J:J,MATCH(1,(成本核算表!D:D=E19)*(成本核算表!C:C=G19),0))} -> 12 | I19: 650 | J19: =H19*I19 -> 7800 | N19: =J19-M19+L19 -> 7800 | O19: =N19/3600 -> 2.1666667
A20: 46089 | B20: 4 | C20: =SUM(O20)/B20 -> 0.83333333 | D20: 26020502-03 | E20: 105-331 | F20: 119.5 | G20: 冲弯 | H20: {=INDEX(成本核算表!J:J,MATCH(1,(成本核算表!D:D=E20)*(成本核算表!C:C=G20),0))} -> 12 | I20: 700 | J20: =H20*I20 -> 8400 | L20: 3600 | N20: =J20-M20+L20 -> 12000 | O20: =N20/3600 -> 3.3333333
A21: 46090 | B21: 11 | C21: =SUM(O21:O24)/B21 -> 0.93376263 | D21: 26012706-05 | E21: 213-138 | F21: 1825 | G21: 冲孔 | H21: {=INDEX(成本核算表!J:J,MATCH(1,(成本核算表!D:D=E21)*(成本核算表!C:C=G21),0))} -> 25 | I21: 258 | J21: =H21*I21 -> 6450 | N21: =J21-M21+L21 -> 6450 | O21: =N21/3600 -> 1.7916667
A22: 46090 | D22: 26021003-03 | E22: 213-138 | F22: 1825 | G22: 冲孔 | H22: {=INDEX(成本核算表!J:J,MATCH(1,(成本核算表!D:D=E22)*(成本核算表!C:C=G22),0))} -> 25 | I22: 539 | J22: =H22*I22 -> 13475 | N22: =J22-M22+L22 -> 13475 | O22: =N22/3600 -> 3.7430556
A23: 46090 | D23: 26022605-07 | E23: 180-265 | F23: 950 | G23: 冲缺口 | H23: {=INDEX(成本核算表!J:J,MATCH(1,(成本核算表!D:D=E23)*(成本核算表!C:C=G23),0))} -> 12 | I23: 621 | J23: =H23*I23 -> 7452 | N23: =J23-M23+L23 -> 7452 | O23: =N23/3600 -> 2.07
A24: 46090 | D24: 26022605-01 | E24: 180-260 | F24: 1200 | G24: 冲缺口 | H24: {=INDEX(成本核算表!J:J,MATCH(1,(成本核算表!D:D=E24)*(成本核算表!C:C=G24),0))} -> 12 | I24: 800 | J24: =H24*I24 -> 9600 | N24: =J24-M24+L24 -> 9600 | O24: =N24/3600 -> 2.6666667
A25: 46091 | B25: 11 | C25: =SUM(O25:O28)/B25 -> 1.0258838 | D25: 26022605-01 | E25: 180-260 | F25: 1200 | G25: 冲缺口 | H25: {=INDEX(成本核算表!J:J,MATCH(1,(成本核算表!D:D=E25)*(成本核算表!C:C=G25),0))} -> 12 | I25: 785 | J25: =H25*I25 -> 9420 | L25: 7200 | N25: =J25-M25+L25 -> 16620 | O25: =N25/3600 -> 4.6166667 | Q25: 多岗
A26: 46091 | D26: 26010702-05 | E26: 286-470 | F26: 156 | G26: 冲孔 | H26: {=INDEX(成本核算表!J:J,MATCH(1,(成本核算表!D:D=E26)*(成本核算表!C:C=G26),0))} -> 15 | I26: 1133 | J26: =H26*I26 -> 16995 | N26: =J26-M26+L26 -> 16995 | O26: =N26/3600 -> 4.7208333
A27: 46091 | D27: 26010702-04 | E27: 286-469 | F27: 156 | G27: 冲孔 | H27: {=INDEX(成本核算表!J:J,MATCH(1,(成本核算表!D:D=E27)*(成本核算表!C:C=G27),0))} -> 15 | I27: 150 | J27: =H27*I27 -> 2250 | N27: =J27-M27+L27 -> 2250 | O27: =N27/3600 -> 0.625
A28: 46091 | D28: 26022712-01 | E28: 01-418 | F28: 4166 | G28: 冲孔2 | H28: {=INDEX(成本核算表!J:J,MATCH(1,(成本核算表!D:D=E28)*(成本核算表!C:C=G28),0))} -> 70 | I28: 68 | J28: =H28*I28 -> 4760 | N28: =J28-M28+L28 -> 4760 | O28: =N28/3600 -> 1.3222222
A29: 46092 | B29: 11 | C29: =SUM(O29:O32)/B29 -> 0.95151515 | D29: 26022504-04 | E29: 213-553 | F29: 1960 | G29: 冲六角孔 | H29: {=INDEX(成本核算表!J:J,MATCH(1,(成本核算表!D:D=E29)*(成本核算表!C:C=G29),0))} -> 15 | I29: =65+158 -> 223 | J29: =H29*I29 -> 3345 | N29: =J29-M29+L29 -> 3345 | O29: =N29/3600 -> 0.92916667
A30: 46092 | D30: 26022504-03 | E30: 213-553 | F30: 1960 | G30: 冲牙齿 | H30: {=INDEX(成本核算表!J:J,MATCH(1,(成本核算表!D:D=E30)*(成本核算表!C:C=G30),0))} -> 25 | I30: 245 | J30: =H30*I30 -> 6125 | N30: =J30-M30+L30 -> 6125 | O30: =N30/3600 -> 1.7013889
A31: 46092 | D31: 26022504-04 | E31: 213-553 | F31: 1960 | G31: 冲牙齿 | H31: {=INDEX(成本核算表!J:J,MATCH(1,(成本核算表!D:D=E31)*(成本核算表!C:C=G31),0))} -> 25 | I31: 154 | J31: =H31*I31 -> 3850 | N31: =J31-M31+L31 -> 3850 | O31: =N31/3600 -> 1.0694444
A32: 46092 | D32: 26020502-02 | E32: 105-331 | F32: 119.5 | G32: 冲弯 | H32: {=INDEX(成本核算表!J:J,MATCH(1,(成本核算表!D:D=E32)*(成本核算表!C:C=G32),0))} -> 12 | I32: 2030 | J32: =H32*I32 -> 24360 | N32: =J32-M32+L32 -> 24360 | O32: =N32/3600 -> 6.7666667
A33: 46093 | B33: 11 | C33: =SUM(O33:O37)/B33 -> 0.58560606 | D33: 26022504-04 | E33: 213-553 | F33: 1960 | G33: 冲葫芦孔 | H33: {=INDEX(成本核算表!J:J,MATCH(1,(成本核算表!D:D=E33)*(成本核算表!C:C=G33),0))} -> 15 | I33: 150 | J33: =H33*I33 -> 2250 | N33: =J33-M33+L33 -> 2250 | O33: =N33/3600 -> 0.625
A34: 46093 | D34: 26022504-03 | E34: 213-553 | F34: 1960 | G34: 冲葫芦孔 | H34: {=INDEX(成本核算表!J:J,MATCH(1,(成本核算表!D:D=E34)*(成本核算表!C:C=G34),0))} -> 15 | I34: 300 | J34: =H34*I34 -> 4500 | N34: =J34-M34+L34 -> 4500 | O34: =N34/3600 -> 1.25
A35: 46093 | D35: 26022504-03 | E35: 213-553 | F35: 1960 | G35: 冲六角孔 | H35: {=INDEX(成本核算表!J:J,MATCH(1,(成本核算表!D:D=E35)*(成本核算表!C:C=G35),0))} -> 15 | I35: =300+326 -> 626 | J35: =H35*I35 -> 9390 | N35: =J35-M35+L35 -> 9390 | O35: =N35/3600 -> 2.6083333
A36: 46093 | D36: 26022504-04 | E36: 213-553 | F36: 1960 | G36: 冲六角孔 | H36: {=INDEX(成本核算表!J:J,MATCH(1,(成本核算表!D:D=E36)*(成本核算表!C:C=G36),0))} -> 15 | I36: =169+104 -> 273 | J36: =H36*I36 -> 4095 | N36: =J36-M36+L36 -> 4095 | O36: =N36/3600 -> 1.1375
A37: 46093 | D37: 26022504-02 | E37: 213-553 | F37: 780 | G37: 冲葫芦孔 | H37: {=INDEX(成本核算表!J:J,MATCH(1,(成本核算表!D:D=E37)*(成本核算表!C:C=G37),0))} -> 15 | I37: 197 | J37: =H37*I37 -> 2955 | N37: =J37-M37+L37 -> 2955 | O37: =N37/3600 -> 0.82083333
A38: 46094 | B38: 11 | C38: =SUM(O38:O42)/B38 -> 0.68977273 | D38: 26022504-04 | E38: 213-553 | F38: 1960 | G38: 冲六角孔 | H38: {=INDEX(成本核算表!J:J,MATCH(1,(成本核算表!D:D=E38)*(成本核算表!C:C=G38),0))} -> 15 | I38: =175+288 -> 463 | J38: =H38*I38 -> 6945 | N38: =J38-M38+L38 -> 6945 | O38: =N38/3600 -> 1.9291667
A39: 46094 | D39: 26022504-04 | E39: 213-553 | F39: 1960 | G39: 冲葫芦孔 | H39: {=INDEX(成本核算表!J:J,MATCH(1,(成本核算表!D:D=E39)*(成本核算表!C:C=G39),0))} -> 15 | I39: =279+287 -> 566 | J39: =H39*I39 -> 8490 | N39: =J39-M39+L39 -> 8490 | O39: =N39/3600 -> 2.3583333
A40: 46094 | D40: 26022504-03 | E40: 213-553 | F40: 1960 | G40: 冲六角孔 | H40: {=INDEX(成本核算表!J:J,MATCH(1,(成本核算表!D:D=E40)*(成本核算表!C:C=G40),0))} -> 15 | I40: 297 | J40: =H40*I40 -> 4455 | N40: =J40-M40+L40 -> 4455 | O40: =N40/3600 -> 1.2375
A41: 46094 | D41: 26022504-03 | E41: 213-553 | F41: 1960 | G41: 冲葫芦孔 | H41: {=INDEX(成本核算表!J:J,MATCH(1,(成本核算表!D:D=E41)*(成本核算表!C:C=G41),0))} -> 15 | I41: 297 | J41: =H41*I41 -> 4455 | N41: =J41-M41+L41 -> 4455 | O41: =N41/3600 -> 1.2375
A42: 46094 | D42: 26022504-01 | E42: 213-553 | F42: 780 | G42: 冲葫芦孔 | H42: {=INDEX(成本核算表!J:J,MATCH(1,(成本核算表!D:D=E42)*(成本核算表!C:C=G42),0))} -> 15 | I42: 198 | J42: =H42*I42 -> 2970 | N42: =J42-M42+L42 -> 2970 | O42: =N42/3600 -> 0.825
A43: 46095 | B43: 11 | C43: =SUM(O43:O48)/B43 -> 0.7260101 | D43: 26022504-01 | E43: 213-553 | F43: 780 | G43: 冲葫芦孔 | H43: {=INDEX(成本核算表!J:J,MATCH(1,(成本核算表!D:D=E43)*(成本核算表!C:C=G43),0))} -> 15 | I43: 76 | J43: =H43*I43 -> 1140 | N43: =J43-M43+L43 -> 1140 | O43: =N43/3600 -> 0.31666667
A44: 46095 | D44: 26022504-02 | E44: 213-553 | F44: 780 | G44: 冲葫芦孔 | H44: {=INDEX(成本核算表!J:J,MATCH(1,(成本核算表!D:D=E44)*(成本核算表!C:C=G44),0))} -> 15 | I44: 275 | J44: =H44*I44 -> 4125 | N44: =J44-M44+L44 -> 4125 | O44: =N44/3600 -> 1.1458333
A45: 46095 | D45: 26022504-04 | E45: 213-553 | F45: 1960 | G45: 冲葫芦孔 | H45: {=INDEX(成本核算表!J:J,MATCH(1,(成本核算表!D:D=E45)*(成本核算表!C:C=G45),0))} -> 15 | I45: =121+100+124 -> 345 | J45: =H45*I45 -> 5175 | N45: =J45-M45+L45 -> 5175 | O45: =N45/3600 -> 1.4375
A46: 46095 | D46: 26022504-04 | E46: 213-553 | F46: 1960 | G46: 冲六角孔 | H46: {=INDEX(成本核算表!J:J,MATCH(1,(成本核算表!D:D=E46)*(成本核算表!C:C=G46),0))} -> 15 | I46: 121 | J46: =H46*I46 -> 1815 | N46: =J46-M46+L46 -> 1815 | O46: =N46/3600 -> 0.50416667
A47: 46095 | D47: 26022504-03 | E47: 213-553 | F47: 1960 | G47: 冲葫芦孔 | H47: {=INDEX(成本核算表!J:J,MATCH(1,(成本核算表!D:D=E47)*(成本核算表!C:C=G47),0))} -> 15 | I47: =120+198 -> 318 | J47: =H47*I47 -> 4770 | N47: =J47-M47+L47 -> 4770 | O47: =N47/3600 -> 1.325
A48: 46095 | D48: 26022703-02 | E48: 262-1791 | F48: 1990 | G48: 冲孔2 | H48: {=INDEX(成本核算表!J:J,MATCH(1,(成本核算表!D:D=E48)*(成本核算表!C:C=G48),0))} -> 25 | I48: 469 | J48: =H48*I48 -> 11725 | N48: =J48-M48+L48 -> 11725 | O48: =N48/3600 -> 3.2569444
A49: 46096 | B49: 9.5 | C49: =SUM(O49:O51)/B49 -> 1.4488304 | D49: 26030302-01 | E49: 180-260 | F49: 950 | G49: 冲安装孔 | H49: {=INDEX(成本核算表!J:J,MATCH(1,(成本核算表!D:D=E49)*(成本核算表!C:C=G49),0))} -> 25 | I49: 682 | J49: =H49*I49 -> 17050 | N49: =J49-M49+L49 -> 17050 | O49: =N49/3600 -> 4.7361111
A50: 46096 | D50: 26030306-01 | E50: 180-260 | F50: 950 | G50: 冲安装孔 | H50: {=INDEX(成本核算表!J:J,MATCH(1,(成本核算表!D:D=E50)*(成本核算表!C:C=G50),0))} -> 25 | I50: 1200 | J50: =H50*I50 -> 30000 | N50: =J50-M50+L50 -> 30000 | O50: =N50/3600 -> 8.3333333
A51: 46096 | D51: 26030303-01 | E51: 180-260 | F51: 950 | G51: 冲安装孔 | H51: {=INDEX(成本核算表!J:J,MATCH(1,(成本核算表!D:D=E51)*(成本核算表!C:C=G51),0))} -> 25 | I51: 100 | J51: =H51*I51 -> 2500 | N51: =J51-M51+L51 -> 2500 | O51: =N51/3600 -> 0.69444444
A52: 46097 | B52: 11 | C52: =SUM(O52:O57)/B52 -> 0.90530303 | D52: 26030309-01 | E52: 180-260 | F52: 950 | G52: 冲安装孔 | H52: {=INDEX(成本核算表!J:J,MATCH(1,(成本核算表!D:D=E52)*(成本核算表!C:C=G52),0))} -> 25 | I52: 197 | J52: =H52*I52 -> 4925 | N52: =J52-M52+L52 -> 4925 | O52: =N52/3600 -> 1.3680556
A53: 46097 | D53: 26022504-04 | E53: 213-553 | F53: 1960 | G53: 冲葫芦孔 | H53: {=INDEX(成本核算表!J:J,MATCH(1,(成本核算表!D:D=E53)*(成本核算表!C:C=G53),0))} -> 15 | I53: 153 | J53: =H53*I53 -> 2295 | N53: =J53-M53+L53 -> 2295 | O53: =N53/3600 -> 0.6375
A54: 46097 | D54: 26022504-03 | E54: 213-553 | F54: 1960 | G54: 冲葫芦孔 | H54: {=INDEX(成本核算表!J:J,MATCH(1,(成本核算表!D:D=E54)*(成本核算表!C:C=G54),0))} -> 15 | I54: 278 | J54: =H54*I54 -> 4170 | N54: =J54-M54+L54 -> 4170 | O54: =N54/3600 -> 1.1583333
A55: 46097 | D55: 26022504-03 | E55: 213-553 | F55: 1960 | G55: 冲六角孔 | H55: {=INDEX(成本核算表!J:J,MATCH(1,(成本核算表!D:D=E55)*(成本核算表!C:C=G55),0))} -> 15 | I55: =281+103 -> 384 | J55: =H55*I55 -> 5760 | N55: =J55-M55+L55 -> 5760 | O55: =N55/3600 -> 1.6
A56: 46097 | D56: 26022504-04 | E56: 213-553 | F56: 1960 | G56: 冲六角孔 | H56: {=INDEX(成本核算表!J:J,MATCH(1,(成本核算表!D:D=E56)*(成本核算表!C:C=G56),0))} -> 15 | I56: =117+143 -> 260 | J56: =H56*I56 -> 3900 | N56: =J56-M56+L56 -> 3900 | O56: =N56/3600 -> 1.0833333
A57: 46097 | D57: 26030303-02 | E57: 180-261 | F57: 950 | G57: 冲安装孔 | H57: {=INDEX(成本核算表!J:J,MATCH(1,(成本核算表!D:D=E57)*(成本核算表!C:C=G57),0))} -> 25 | I57: =304 -> 304 | J57: =H57*I57 -> 7600 | L57: 7200 | N57: =J57-M57+L57 -> 14800 | O57: =N57/3600 -> 4.1111111 | Q57: 挑料2
A58: 46098 | B58: 11 | C58: =SUM(O58:O60)/B58 -> 1.1231061 | D58: 26030306-02 | E58: 180-261 | F58: 950 | G58: 冲安装孔 | H58: {=INDEX(成本核算表!J:J,MATCH(1,(成本核算表!D:D=E58)*(成本核算表!C:C=G58),0))} -> 25 | I58: 15 | J58: =H58*I58 -> 375 | L58: 3600 | N58: =J58-M58+L58 -> 3975 | O58: =N58/3600 -> 1.1041667
A59: 46098 | D59: 26030301-02 | E59: 180-261 | F59: 950 | G59: 冲安装孔 | H59: {=INDEX(成本核算表!J:J,MATCH(1,(成本核算表!D:D=E59)*(成本核算表!C:C=G59),0))} -> 25 | I59: 1210 | J59: =H59*I59 -> 30250 | N59: =J59-M59+L59 -> 30250 | O59: =N59/3600 -> 8.4027778
A60: 46098 | D60: 26030308-02 | E60: 180-261 | F60: 950 | G60: 冲安装孔 | H60: {=INDEX(成本核算表!J:J,MATCH(1,(成本核算表!D:D=E60)*(成本核算表!C:C=G60),0))} -> 25 | I60: 410 | J60: =H60*I60 -> 10250 | N60: =J60-M60+L60 -> 10250 | O60: =N60/3600 -> 2.8472222
A61: 46099 | B61: 11 | C61: =SUM(O61:O64)/B61 -> 0.82878788 | D61: 26022504-04 | E61: 213-553 | F61: 1960 | G61: 冲六角孔 | H61: {=INDEX(成本核算表!J:J,MATCH(1,(成本核算表!D:D=E61)*(成本核算表!C:C=G61),0))} -> 15 | I61: =96+436 -> 532 | J61: =H61*I61 -> 7980 | L61: 7200 | N61: =J61-M61+L61 -> 15180 | O61: =N61/3600 -> 4.2166667
A62: 46099 | D62: 26022504-03 | E62: 213-553 | F62: 1960 | G62: 冲六角孔 | H62: {=INDEX(成本核算表!J:J,MATCH(1,(成本核算表!D:D=E62)*(成本核算表!C:C=G62),0))} -> 15 | I62: =101+367 -> 468 | J62: =H62*I62 -> 7020 | N62: =J62-M62+L62 -> 7020 | O62: =N62/3600 -> 1.95
A63: 46099 | D63: 26031603-02 | E63: 105-244 | F63: 2200 | G63: 冲头孔 | H63: {=INDEX(成本核算表!J:J,MATCH(1,(成本核算表!D:D=E63)*(成本核算表!C:C=G63),0))} -> 10 | I63: 262 | J63: =H63*I63 -> 2620 | N63: =J63-M63+L63 -> 2620 | O63: =N63/3600 -> 0.72777778
A64: 46099 | D64: 26031603-01 | E64: 105-244 | F64: 2200 | G64: 冲头孔 | H64: {=INDEX(成本核算表!J:J,MATCH(1,(成本核算表!D:D=E64)*(成本核算表!C:C=G64),0))} -> 10 | I64: 800 | J64: =H64*I64 -> 8000 | N64: =J64-M64+L64 -> 8000 | O64: =N64/3600 -> 2.2222222
A65: 46100 | B65: 11 | C65: =SUM(O65:O68)/B65 -> 0.91893939 | D65: 26022504-03 | E65: 213-553 | F65: 1960 | G65: 冲牙齿 | H65: {=INDEX(成本核算表!J:J,MATCH(1,(成本核算表!D:D=E65)*(成本核算表!C:C=G65),0))} -> 25 | I65: 66 | J65: =H65*I65 -> 1650 | L65: 10800 | N65: =J65-M65+L65 -> 12450 | O65: =N65/3600 -> 3.4583333
A66: 46100 | D66: 26031603-02 | E66: 105-244 | F66: 2200 | G66: 冲头孔 | H66: {=INDEX(成本核算表!J:J,MATCH(1,(成本核算表!D:D=E66)*(成本核算表!C:C=G66),0))} -> 10 | I66: 342 | J66: =H66*I66 -> 3420 | N66: =J66-M66+L66 -> 3420 | O66: =N66/3600 -> 0.95
A67: 46100 | D67: 26031603-01 | E67: 105-244 | F67: 2200 | G67: 冲头孔 | H67: {=INDEX(成本核算表!J:J,MATCH(1,(成本核算表!D:D=E67)*(成本核算表!C:C=G67),0))} -> 10 | I67: 1149 | J67: =H67*I67 -> 11490 | N67: =J67-M67+L67 -> 11490 | O67: =N67/3600 -> 3.1916667
A68: 46100 | D68: 26031805-02 | E68: 105-244 | F68: 2400 | G68: 冲头孔 | H68: {=INDEX(成本核算表!J:J,MATCH(1,(成本核算表!D:D=E68)*(成本核算表!C:C=G68),0))} -> 10 | I68: 903 | J68: =H68*I68 -> 9030 | N68: =J68-M68+L68 -> 9030 | O68: =N68/3600 -> 2.5083333
A69: 46100 | D69: 26031805-01 | E69: 105-244 | F69: 2400 | G69: 冲头孔 | H69: {=INDEX(成本核算表!J:J,MATCH(1,(成本核算表!D:D=E69)*(成本核算表!C:C=G69),0))} -> 10 | I69: 900 | J69: =H69*I69 -> 9000 | N69: =J69-M69+L69 -> 9000 | O69: =N69/3600 -> 2.5
H70: {=INDEX(成本核算表!J:J,MATCH(1,(成本核算表!D:D=E70)*(成本核算表!C:C=G70),0))} -> 0 | J70: =H70*I70 -> 0 | N70: =J70-M70+L70 -> 0 | O70: =N70/3600 -> 0
H71: {=INDEX(成本核算表!J:J,MATCH(1,(成本核算表!D:D=E71)*(成本核算表!C:C=G71),0))} -> 0 | J71: =H71*I71 -> 0 | N71: =J71-M71+L71 -> 0 | O71: =N71/3600 -> 0
H72: {=INDEX(成本核算表!J:J,MATCH(1,(成本核算表!D:D=E72)*(成本核算表!C:C=G72),0))} -> 0 | J72: =H72*I72 -> 0 | N72: =J72-M72+L72 -> 0 | O72: =N72/3600 -> 0
H73: {=INDEX(成本核算表!J:J,MATCH(1,(成本核算表!D:D=E73)*(成本核算表!C:C=G73),0))} -> 0 | J73: =H73*I73 -> 0 | N73: =J73-M73+L73 -> 0 | O73: =N73/3600 -> 0
H74: {=INDEX(成本核算表!J:J,MATCH(1,(成本核算表!D:D=E74)*(成本核算表!C:C=G74),0))} -> 0 | J74: =H74*I74 -> 0 | N74: =J74-M74+L74 -> 0 | O74: =N74/3600 -> 0
H75: {=INDEX(成本核算表!J:J,MATCH(1,(成本核算表!D:D=E75)*(成本核算表!C:C=G75),0))} -> 0 | J75: =H75*I75 -> 0 | N75: =J75-M75+L75 -> 0 | O75: =N75/3600 -> 0
H76: {=INDEX(成本核算表!J:J,MATCH(1,(成本核算表!D:D=E76)*(成本核算表!C:C=G76),0))} -> 0 | J76: =H76*I76 -> 0 | N76: =J76-M76+L76 -> 0 | O76: =N76/3600 -> 0
H77: {=INDEX(成本核算表!J:J,MATCH(1,(成本核算表!D:D=E77)*(成本核算表!C:C=G77),0))} -> 0 | J77: =H77*I77 -> 0 | N77: =J77-M77+L77 -> 0 | O77: =N77/3600 -> 0
H78: {=INDEX(成本核算表!J:J,MATCH(1,(成本核算表!D:D=E78)*(成本核算表!C:C=G78),0))} -> 0 | J78: =H78*I78 -> 0 | N78: =J78-M78+L78 -> 0 | O78: =N78/3600 -> 0
H79: {=INDEX(成本核算表!J:J,MATCH(1,(成本核算表!D:D=E79)*(成本核算表!C:C=G79),0))} -> 0 | J79: =H79*I79 -> 0 | N79: =J79-M79+L79 -> 0 | O79: =N79/3600 -> 0
H80: {=INDEX(成本核算表!J:J,MATCH(1,(成本核算表!D:D=E80)*(成本核算表!C:C=G80),0))} -> 0 | J80: =H80*I80 -> 0 | N80: =J80-M80+L80 -> 0 | O80: =N80/3600 -> 0
H81: {=INDEX(成本核算表!J:J,MATCH(1,(成本核算表!D:D=E81)*(成本核算表!C:C=G81),0))} -> 0 | J81: =H81*I81 -> 0 | N81: =J81-M81+L81 -> 0 | O81: =N81/3600 -> 0
... H101: {=INDEX(成本核算表!J:J,MATCH(1,(成本核算表!D:D=E101)*(成本核算表!C:C=G101),0))} -> 0 | J101: =H101*I101 -> 0 | N101: =J101-M101+L101 -> 0 | O101: =N101/3600 -> 0

Sheet 陆康
A1: 日期 | B1: 出勤工时 | C1: 工时效率 | D1: 项目号 | E1: 产品型号 | F1: 长度（mm） | G1: 工序 | H1: 单件标准工时（S/支） | I1: 合格产量（支数） | J1: 合格工时（S） | K1: 个人不良产量（支数） | L1: 加分项 | M1: 减分项 | N1: 考核合计工时（秒） | O1: 合计（小时） | P1: 说明 | Q1: 备注
A2: 46082 | B2: 9.5 | C2: =O2/B2 -> 1.3675439 | D2: 26020502-03 | E2: 105-331 | F2: 119.5 | G2: 倒角 | H2: {=INDEX(成本核算表!J:J,MATCH(1,(成本核算表!D:D=E2)*(成本核算表!C:C=G2),0))} -> 15 | I2: 3118 | J2: =H2*I2 -> 46770 | N2: =J2-M2+L2 -> 46770 | O2: =N2/3600 -> 12.991667
A3: 46083 | B3: 11 | C3: =SUM(O3:O4)/B3 -> 1.2454545 | D3: 26020502-03 | E3: 105-331 | F3: 119.5 | G3: 倒角 | H3: {=INDEX(成本核算表!J:J,MATCH(1,(成本核算表!D:D=E3)*(成本核算表!C:C=G3),0))} -> 15 | I3: 2360 | J3: =H3*I3 -> 35400 | N3: =J3-M3+L3 -> 35400 | O3: =N3/3600 -> 9.8333333
A4: 46083 | D4: 26020502-03 | E4: 105-331 | F4: 119.5 | G4: 沉孔 | H4: {=INDEX(成本核算表!J:J,MATCH(1,(成本核算表!D:D=E4)*(成本核算表!C:C=G4),0))} -> 12 | I4: 1160 | J4: =H4*I4 -> 13920 | N4: =J4-M4+L4 -> 13920 | O4: =N4/3600 -> 3.8666667
A5: 46084 | B5: 9 | C5: =O5/B5 -> 1.3888889 | D5: 26020502-03 | E5: 105-331 | F5: 119.5 | G5: 倒角 | H5: {=INDEX(成本核算表!J:J,MATCH(1,(成本核算表!D:D=E5)*(成本核算表!C:C=G5),0))} -> 15 | I5: 3000 | J5: =H5*I5 -> 45000 | N5: =J5-M5+L5 -> 45000 | O5: =N5/3600 -> 12.5
J6: =H6*I6 -> 0 | N6: =J6-M6+L6 -> 0 | O6: =N6/3600 -> 0
A7: 46086 | B7: 11 | C7: =O7/B7 -> 1.0154882 | E7: 113-54 | F7: 138.8 | G7: 抛光 | H7: {=INDEX(成本核算表!J:J,MATCH(1,(成本核算表!D:D=E7)*(成本核算表!C:C=G7),0))} -> 160 | I7: =754/3 -> 251.33333 | J7: =H7*I7 -> 40213.333 | M7: =K7*H7 -> 0 | N7: =J7-M7+L7 -> 40213.333 | O7: =N7/3600 -> 11.17037
A8: 46087 | B8: 11 | C8: =SUM(O8:O10)/B8 -> 0.94363636 | D8: 26020502-02 | E8: 105-331 | F8: 119.5 | G8: 倒角 | H8: {=INDEX(成本核算表!J:J,MATCH(1,(成本核算表!D:D=E8)*(成本核算表!C:C=G8),0))} -> 15 | I8: 424 | J8: =H8*I8 -> 6360 | N8: =J8-M8+L8 -> 6360 | O8: =N8/3600 -> 1.7666667
A9: 46087 | D9: 26020502-02 | E9: 105-331 | F9: 119.5 | G9: 沉孔 | H9: {=INDEX(成本核算表!J:J,MATCH(1,(成本核算表!D:D=E9)*(成本核算表!C:C=G9),0))} -> 12 | I9: 1124 | J9: =H9*I9 -> 13488 | N9: =J9-M9+L9 -> 13488 | O9: =N9/3600 -> 3.7466667
A10: 46087 | D10: 26020502-03 | E10: 105-331 | F10: 119.5 | G10: 沉孔 | H10: {=INDEX(成本核算表!J:J,MATCH(1,(成本核算表!D:D=E10)*(成本核算表!C:C=G10),0))} -> 12 | I10: 1460 | J10: =H10*I10 -> 17520 | N10: =J10-M10+L10 -> 17520 | O10: =N10/3600 -> 4.8666667
J11: =H11*I11 -> 0 | N11: =J11-M11+L11 -> 0 | O11: =N11/3600 -> 0
A12: 46089 | B12: 12 | C12: =SUM(O12:O13)/B12 -> 1.0416667 | D12: 26030705-01 | E12: 196-114 | F12: 2569.2 | G12: CNC | H12: {=INDEX(成本核算表!J:J,MATCH(1,(成本核算表!D:D=E12)*(成本核算表!C:C=G12),0))} -> 600 | I12: 15 | J12: =H12*I12 -> 9000 | N12: =J12-M12+L12 -> 9000 | O12: =N12/3600 -> 2.5
A13: 46089 | D13: 26030101-02 | E13: 196-114 | F13: 2296.8 | G13: CNC | H13: {=INDEX(成本核算表!J:J,MATCH(1,(成本核算表!D:D=E13)*(成本核算表!C:C=G13),0))} -> 600 | I13: 60 | J13: =H13*I13 -> 36000 | N13: =J13-M13+L13 -> 36000 | O13: =N13/3600 -> 10
A14: 46090 | B14: 12 | C14: =O14/B14 -> 1.0416667 | D14: 26030101-02 | E14: 196-114 | F14: 2296.8 | G14: CNC | H14: {=INDEX(成本核算表!J:J,MATCH(1,(成本核算表!D:D=E14)*(成本核算表!C:C=G14),0))} -> 600 | I14: 75 | J14: =H14*I14 -> 45000 | N14: =J14-M14+L14 -> 45000 | O14: =N14/3600 -> 12.5
A15: 46091 | B15: 12 | C15: =O15/B15 -> 1.0416667 | D15: 26030101-02 | E15: 196-114 | F15: 2296.8 | G15: CNC | H15: {=INDEX(成本核算表!J:J,MATCH(1,(成本核算表!D:D=E15)*(成本核算表!C:C=G15),0))} -> 600 | I15: 75 | J15: =H15*I15 -> 45000 | N15: =J15-M15+L15 -> 45000 | O15: =N15/3600 -> 12.5
A16: 46092 | B16: 12 | C16: =O16/B16 -> 1.0925926 | D16: 别墅梯 | E16: 286-337 | G16: 打孔 | H16: {=INDEX(成本核算表!J:J,MATCH(1,(成本核算表!D:D=E16)*(成本核算表!C:C=G16),0))} -> 100 | I16: =40+56+5+5+10+48+68+24+32+4+28+34+4+54+60 -> 472 | J16: =H16*I16 -> 47200 | N16: =J16-M16+L16 -> 47200 | O16: =N16/3600 -> 13.111111
A17: 46093 | B17: 12 | C17: =O17/B17 -> 0.65833333 | D17: 26020502-02 | E17: 105-331 | F17: 119.5 | G17: 沉孔 | H17: {=INDEX(成本核算表!J:J,MATCH(1,(成本核算表!D:D=E17)*(成本核算表!C:C=G17),0))} -> 12 | I17: 2370 | J17: =H17*I17 -> 28440 | N17: =J17-M17+L17 -> 28440 | O17: =N17/3600 -> 7.9
A18: 46094 | B18: 12 | C18: =SUM(O18:O21)/B18 -> 0.82252315 | D18: 26020502-02 | E18: 105-331 | F18: 119.5 | G18: 沉孔 | H18: {=INDEX(成本核算表!J:J,MATCH(1,(成本核算表!D:D=E18)*(成本核算表!C:C=G18),0))} -> 12 | I18: 534 | J18: =H18*I18 -> 6408 | N18: =J18-M18+L18 -> 6408 | O18: =N18/3600 -> 1.78
A19: 46094 | D19: 25090907-02 | E19: 113-80 | F19: 1942 | G19: 冲头孔 | H19: {=INDEX(成本核算表!J:J,MATCH(1,(成本核算表!D:D=E19)*(成本核算表!C:C=G19),0))} -> 25 | I19: 226 | J19: =H19*I19 -> 5650 | N19: =J19-M19+L19 -> 5650 | O19: =N19/3600 -> 1.5694444
A20: 46094 | D20: 25090907-02 | E20: 113-80 | F20: 1942 | G20: 沉孔 | H20: {=INDEX(成本核算表!J:J,MATCH(1,(成本核算表!D:D=E20)*(成本核算表!C:C=G20),0))} -> 35 | I20: 4 | J20: =H20*I20 -> 140 | K20: 19 | M20: =K20*H20 -> 665 | N20: =J20-M20+L20 -> -525 | O20: =N20/3600 -> -0.14583333
A21: 46094 | D21: 26020502-03 | E21: 105-331 | F21: 119.5 | G21: 倒角 | H21: {=INDEX(成本核算表!J:J,MATCH(1,(成本核算表!D:D=E21)*(成本核算表!C:C=G21),0))} -> 15 | I21: 1600 | J21: =H21*I21 -> 24000 | N21: =J21-M21+L21 -> 24000 | O21: =N21/3600 -> 6.6666667
A22: 46095 | B22: 12 | C22: =SUM(O22:O23)/B22 -> 1.0185185 | D22: 26020502-01 | E22: 105-330 | F22: 260 | G22: CNC1 | H22: {=INDEX(成本核算表!J:J,MATCH(1,(成本核算表!D:D=E22)*(成本核算表!C:C=G22),0))} -> 50 | I22: 400 | J22: =H22*I22 -> 20000 | N22: =J22-M22+L22 -> 20000 | O22: =N22/3600 -> 5.5555556
A23: 46095 | D23: 26020502-01 | E23: 105-330 | F23: 260 | G23: CNC2 | H23: {=INDEX(成本核算表!J:J,MATCH(1,(成本核算表!D:D=E23)*(成本核算表!C:C=G23),0))} -> 60 | I23: 400 | J23: =H23*I23 -> 24000 | N23: =J23-M23+L23 -> 24000 | O23: =N23/3600 -> 6.6666667
H24: {=INDEX(成本核算表!J:J,MATCH(1,(成本核算表!D:D=E24)*(成本核算表!C:C=G24),0))} -> 0 | I24: 400 | J24: =H24*I24 -> 0 | N24: =J24-M24+L24 -> 0 | O24: =N24/3600 -> 0
A25: 46097 | B25: 11 | C25: =O25/B25 -> 0.96484848 | D25: 26020502-03 | E25: 105-331 | F25: 119.5 | G25: 沉孔 | H25: {=INDEX(成本核算表!J:J,MATCH(1,(成本核算表!D:D=E25)*(成本核算表!C:C=G25),0))} -> 12 | I25: =1484+580+520 -> 2584 | J25: =H25*I25 -> 31008 | L25: 7200 | N25: =J25-M25+L25 -> 38208 | O25: =N25/3600 -> 10.613333 | Q25: 带新工
A26: 46098 | B26: 11 | C26: =O26/B26 -> 1.1709091 | D26: 26020502-03 | E26: 105-331 | F26: 119.5 | G26: 沉孔 | H26: {=INDEX(成本核算表!J:J,MATCH(1,(成本核算表!D:D=E26)*(成本核算表!C:C=G26),0))} -> 12 | I26: =1864+1400 -> 3264 | J26: =H26*I26 -> 39168 | L26: 7200 | N26: =J26-M26+L26 -> 46368 | O26: =N26/3600 -> 12.88 | Q26: 带新工
A27: 46099 | B27: 11 | C27: =O27/B27 -> 1.3636364 | D27: 26020502-03 | E27: 105-331 | F27: 119.5 | G27: 沉孔 | H27: {=INDEX(成本核算表!J:J,MATCH(1,(成本核算表!D:D=E27)*(成本核算表!C:C=G27),0))} -> 12 | I27: =2140+1760 -> 3900 | J27: =H27*I27 -> 46800 | L27: 7200 | N27: =J27-M27+L27 -> 54000 | O27: =N27/3600 -> 15 | Q27: 带新工
A28: 46100 | B28: 11 | C28: =O28/B28 -> 1.0345455 | D28: 26020502-03 | E28: 105-331 | F28: 119.5 | G28: 沉孔 | H28: {=INDEX(成本核算表!J:J,MATCH(1,(成本核算表!D:D=E28)*(成本核算表!C:C=G28),0))} -> 12 | I28: =2214 -> 2214 | J28: =H28*I28 -> 26568 | L28: =4*3600 -> 14400 | N28: =J28-M28+L28 -> 40968 | O28: =N28/3600 -> 11.38
A29: 46101 | B29: 11 | C29: =SUM(O29:O31)/B29 -> 0.99393939 | D29: 26020502-02 | E29: 105-331 | F29: 119.5 | G29: 沉孔 | H29: {=INDEX(成本核算表!J:J,MATCH(1,(成本核算表!D:D=E29)*(成本核算表!C:C=G29),0))} -> 12 | I29: 1000 | J29: =H29*I29 -> 12000 | L29: 14400 | N29: =J29-M29+L29 -> 26400 | O29: =N29/3600 -> 7.3333333 | Q29: 一楼整形
A30: 46101 | D30: 26020502-03 | E30: 105-331 | F30: 119.5 | G30: 沉孔 | H30: {=INDEX(成本核算表!J:J,MATCH(1,(成本核算表!D:D=E30)*(成本核算表!C:C=G30),0))} -> 12 | I30: 280 | J30: =H30*I30 -> 3360 | N30: =J30-M30+L30 -> 3360 | O30: =N30/3600 -> 0.93333333
A31: 46101 | D31: 26031205-01 | E31: 196-110 | F31: 1447 | G31: CNC | H31: {=INDEX(成本核算表!J:J,MATCH(1,(成本核算表!D:D=E31)*(成本核算表!C:C=G31),0))} -> 300 | I31: 32 | J31: =H31*I31 -> 9600 | N31: =J31-M31+L31 -> 9600 | O31: =N31/3600 -> 2.6666667
H32: {=INDEX(成本核算表!J:J,MATCH(1,(成本核算表!D:D=E32)*(成本核算表!C:C=G32),0))} -> 0 | J32: =H32*I32 -> 0 | N32: =J32-M32+L32 -> 0 | O32: =N32/3600 -> 0
H33: {=INDEX(成本核算表!J:J,MATCH(1,(成本核算表!D:D=E33)*(成本核算表!C:C=G33),0))} -> 0 | J33: =H33*I33 -> 0 | N33: =J33-M33+L33 -> 0 | O33: =N33/3600 -> 0
H34: {=INDEX(成本核算表!J:J,MATCH(1,(成本核算表!D:D=E34)*(成本核算表!C:C=G34),0))} -> 0 | J34: =H34*I34 -> 0 | N34: =J34-M34+L34 -> 0 | O34: =N34/3600 -> 0
H35: {=INDEX(成本核算表!J:J,MATCH(1,(成本核算表!D:D=E35)*(成本核算表!C:C=G35),0))} -> 0 | J35: =H35*I35 -> 0 | N35: =J35-M35+L35 -> 0 | O35: =N35/3600 -> 0
H36: {=INDEX(成本核算表!J:J,MATCH(1,(成本核算表!D:D=E36)*(成本核算表!C:C=G36),0))} -> 0 | J36: =H36*I36 -> 0 | N36: =J36-M36+L36 -> 0 | O36: =N36/3600 -> 0
H37: {=INDEX(成本核算表!J:J,MATCH(1,(成本核算表!D:D=E37)*(成本核算表!C:C=G37),0))} -> 0 | J37: =H37*I37 -> 0 | N37: =J37-M37+L37 -> 0 | O37: =N37/3600 -> 0
H38: {=INDEX(成本核算表!J:J,MATCH(1,(成本核算表!D:D=E38)*(成本核算表!C:C=G38),0))} -> 0 | J38: =H38*I38 -> 0 | N38: =J38-M38+L38 -> 0 | O38: =N38/3600 -> 0
H39: {=INDEX(成本核算表!J:J,MATCH(1,(成本核算表!D:D=E39)*(成本核算表!C:C=G39),0))} -> 0 | J39: =H39*I39 -> 0 | N39: =J39-M39+L39 -> 0 | O39: =N39/3600 -> 0
H40: {=INDEX(成本核算表!J:J,MATCH(1,(成本核算表!D:D=E40)*(成本核算表!C:C=G40),0))} -> 0 | J40: =H40*I40 -> 0 | N40: =J40-M40+L40 -> 0 | O40: =N40/3600 -> 0
H41: {=INDEX(成本核算表!J:J,MATCH(1,(成本核算表!D:D=E41)*(成本核算表!C:C=G41),0))} -> 0 | J41: =H41*I41 -> 0 | N41: =J41-M41+L41 -> 0 | O41: =N41/3600 -> 0
H42: {=INDEX(成本核算表!J:J,MATCH(1,(成本核算表!D:D=E42)*(成本核算表!C:C=G42),0))} -> 0 | J42: =H42*I42 -> 0 | N42: =J42-M42+L42 -> 0 | O42: =N42/3600 -> 0
H43: {=INDEX(成本核算表!J:J,MATCH(1,(成本核算表!D:D=E43)*(成本核算表!C:C=G43),0))} -> 0 | J43: =H43*I43 -> 0 | N43: =J43-M43+L43 -> 0 | O43: =N43/3600 -> 0
... H102: {=INDEX(成本核算表!J:J,MATCH(1,(成本核算表!D:D=E102)*(成本核算表!C:C=G102),0))} -> 0 | J102: =H102*I102 -> 0 | N102: =J102-M102+L102 -> 0 | O102: =N102/3600 -> 0

Sheet 曹林
A1: 日期 | B1: 出勤工时 | C1: 工时效率 | D1: 项目号 | E1: 产品型号 | F1: 长度（mm） | G1: 工序 | H1: 单件标准工时（S/支） | I1: 合格产量（支数） | J1: 合格工时（S） | K1: 个人不良产量（支数） | L1: 加分项 | M1: 减分项 | N1: 考核合计工时（秒） | O1: 合计（小时） | P1: 说明 | Q1: 备注
A2: 46097 | B2: 11 | H2: {=INDEX(成本核算表!J:J,MATCH(1,(成本核算表!D:D=E2)*(成本核算表!C:C=G2),0))} -> 0 | J2: =H2*I2 -> 0 | L2: =11*3600 -> 39600 | N2: =J2-M2+L2 -> 39600 | O2: =N2/3600 -> 11
A3: 46098 | B3: 11 | H3: {=INDEX(成本核算表!J:J,MATCH(1,(成本核算表!D:D=E3)*(成本核算表!C:C=G3),0))} -> 0 | J3: =H3*I3 -> 0 | L3: =11*3600 -> 39600 | N3: =J3-M3+L3 -> 39600 | O3: =N3/3600 -> 11
A4: 46099 | B4: 11 | H4: {=INDEX(成本核算表!J:J,MATCH(1,(成本核算表!D:D=E4)*(成本核算表!C:C=G4),0))} -> 0 | J4: =H4*I4 -> 0 | L4: =11*3600 -> 39600 | N4: =J4-M4+L4 -> 39600 | O4: =N4/3600 -> 11
A5: 46100 | B5: 11 | H5: {=INDEX(成本核算表!J:J,MATCH(1,(成本核算表!D:D=E5)*(成本核算表!C:C=G5),0))} -> 0 | J5: =H5*I5 -> 0 | L5: =11*3600 -> 39600 | N5: =J5-M5+L5 -> 39600 | O5: =N5/3600 -> 11
A6: 46101 | B6: 11 | C6: =O6/B6 -> 0.79272727 | D6: 26020502-03 | E6: 105-331 | F6: 119.5 | G6: 沉孔 | H6: {=INDEX(成本核算表!J:J,MATCH(1,(成本核算表!D:D=E6)*(成本核算表!C:C=G6),0))} -> 12 | I6: 666 | J6: =H6*I6 -> 7992 | L6: =6.5*3600 -> 23400 | N6: =J6-M6+L6 -> 31392 | O6: =N6/3600 -> 8.72
H7: {=INDEX(成本核算表!J:J,MATCH(1,(成本核算表!D:D=E7)*(成本核算表!C:C=G7),0))} -> 0 | J7: =H7*I7 -> 0 | N7: =J7-M7+L7 -> 0 | O7: =N7/3600 -> 0
H8: {=INDEX(成本核算表!J:J,MATCH(1,(成本核算表!D:D=E8)*(成本核算表!C:C=G8),0))} -> 0 | J8: =H8*I8 -> 0 | N8: =J8-M8+L8 -> 0 | O8: =N8/3600 -> 0
H9: {=INDEX(成本核算表!J:J,MATCH(1,(成本核算表!D:D=E9)*(成本核算表!C:C=G9),0))} -> 0 | J9: =H9*I9 -> 0 | N9: =J9-M9+L9 -> 0 | O9: =N9/3600 -> 0
H10: {=INDEX(成本核算表!J:J,MATCH(1,(成本核算表!D:D=E10)*(成本核算表!C:C=G10),0))} -> 0 | J10: =H10*I10 -> 0 | N10: =J10-M10+L10 -> 0 | O10: =N10/3600 -> 0
H11: {=INDEX(成本核算表!J:J,MATCH(1,(成本核算表!D:D=E11)*(成本核算表!C:C=G11),0))} -> 0 | J11: =H11*I11 -> 0 | N11: =J11-M11+L11 -> 0 | O11: =N11/3600 -> 0
H12: {=INDEX(成本核算表!J:J,MATCH(1,(成本核算表!D:D=E12)*(成本核算表!C:C=G12),0))} -> 0 | J12: =H12*I12 -> 0 | N12: =J12-M12+L12 -> 0 | O12: =N12/3600 -> 0
H13: {=INDEX(成本核算表!J:J,MATCH(1,(成本核算表!D:D=E13)*(成本核算表!C:C=G13),0))} -> 0 | J13: =H13*I13 -> 0 | N13: =J13-M13+L13 -> 0 | O13: =N13/3600 -> 0
H14: {=INDEX(成本核算表!J:J,MATCH(1,(成本核算表!D:D=E14)*(成本核算表!C:C=G14),0))} -> 0 | J14: =H14*I14 -> 0 | N14: =J14-M14+L14 -> 0 | O14: =N14/3600 -> 0
H15: {=INDEX(成本核算表!J:J,MATCH(1,(成本核算表!D:D=E15)*(成本核算表!C:C=G15),0))} -> 0 | J15: =H15*I15 -> 0 | N15: =J15-M15+L15 -> 0 | O15: =N15/3600 -> 0
H16: {=INDEX(成本核算表!J:J,MATCH(1,(成本核算表!D:D=E16)*(成本核算表!C:C=G16),0))} -> 0 | J16: =H16*I16 -> 0 | N16: =J16-M16+L16 -> 0 | O16: =N16/3600 -> 0
H17: {=INDEX(成本核算表!J:J,MATCH(1,(成本核算表!D:D=E17)*(成本核算表!C:C=G17),0))} -> 0 | J17: =H17*I17 -> 0 | N17: =J17-M17+L17 -> 0 | O17: =N17/3600 -> 0
H18: {=INDEX(成本核算表!J:J,MATCH(1,(成本核算表!D:D=E18)*(成本核算表!C:C=G18),0))} -> 0 | J18: =H18*I18 -> 0 | N18: =J18-M18+L18 -> 0 | O18: =N18/3600 -> 0
... H77: {=INDEX(成本核算表!J:J,MATCH(1,(成本核算表!D:D=E77)*(成本核算表!C:C=G77),0))} -> 0 | J77: =H77*I77 -> 0 | N77: =J77-M77+L77 -> 0 | O77: =N77/3600 -> 0

Sheet 陈文香
A1: 日期 | B1: 出勤工时 | C1: 工时效率 | D1: 项目号 | E1: 产品型号 | F1: 长度（mm） | G1: 工序 | H1: 单件标准工时（S/支） | I1: 合格产量（支数） | J1: 合格工时（S） | K1: 个人不良产量（支数） | L1: 加分项 | M1: 减分项 | N1: 考核合计工时（秒） | O1: 合计（小时） | P1: 说明 | Q1: 备注
A2: 46082 | B2: 9.5 | C2: =O2/B2 -> 1.3532164 | D2: 25090907-02 | E2: 113-80 | F2: 1942 | G2: 打孔5个 | H2: {=INDEX(成本核算表!J:J,MATCH(1,(成本核算表!D:D=E2)*(成本核算表!C:C=G2),0))} -> 40 | I2: =1157 -> 1157 | J2: =H2*I2 -> 46280 | M2: =K2*H2 -> 0 | N2: =J2-M2+L2 -> 46280 | O2: =N2/3600 -> 12.855556
A3: 46083 | B3: 11 | C3: =SUM(O3:O4)/B3 -> 1.1464646 | D3: 25090907-01 | E3: 113-80 | F3: 1942 | G3: 打孔5个 | H3: {=INDEX(成本核算表!J:J,MATCH(1,(成本核算表!D:D=E3)*(成本核算表!C:C=G3),0))} -> 40 | I3: 507 | J3: =H3*I3 -> 20280 | M3: =K3*H3 -> 0 | N3: =J3-M3+L3 -> 20280 | O3: =N3/3600 -> 5.6333333
A4: 46083 | D4: 25090907-02 | E4: 113-80 | F4: 1942 | G4: 打孔5个 | H4: {=INDEX(成本核算表!J:J,MATCH(1,(成本核算表!D:D=E4)*(成本核算表!C:C=G4),0))} -> 40 | I4: 628 | J4: =H4*I4 -> 25120 | M4: =K4*H4 -> 0 | N4: =J4-M4+L4 -> 25120 | O4: =N4/3600 -> 6.9777778
A5: 46084 | B5: 9 | C5: =O5/B5 -> 1.1358025 | D5: 25062804-02 | E5: 113-54 | F5: 138.8 | G5: CNC | H5: {=INDEX(成本核算表!J:J,MATCH(1,(成本核算表!D:D=E5)*(成本核算表!C:C=G5),0))} -> 160 | I5: 230 | J5: =H5*I5 -> 36800 | M5: =K5*H5 -> 0 | N5: =J5-M5+L5 -> 36800 | O5: =N5/3600 -> 10.222222
J6: =H6*I6 -> 0 | M6: =K6*H6 -> 0 | N6: =J6-M6+L6 -> 0 | O6: =N6/3600 -> 0
A7: 46086 | B7: 11 | C7: =O7/B7 -> 1.0154882 | E7: 113-54 | F7: 138.8 | G7: CNC | H7: {=INDEX(成本核算表!J:J,MATCH(1,(成本核算表!D:D=E7)*(成本核算表!C:C=G7),0))} -> 160 | I7: =754/3 -> 251.33333 | J7: =H7*I7 -> 40213.333 | M7: =K7*H7 -> 0 | N7: =J7-M7+L7 -> 40213.333 | O7: =N7/3600 -> 11.17037
A8: 46087 | B8: 11 | C8: =SUM(O8:O10)/B8 -> 1.0362626 | D8: 26011505-01 | E8: 113-78 | F8: 138.8 | G8: CNC | H8: {=INDEX(成本核算表!J:J,MATCH(1,(成本核算表!D:D=E8)*(成本核算表!C:C=G8),0))} -> 300 | I8: 17 | J8: =H8*I8 -> 5100 | M8: =K8*H8 -> 0 | N8: =J8-M8+L8 -> 5100 | O8: =N8/3600 -> 1.4166667
A9: 46087 | D9: 26011505-02 | E9: 113-79 | F9: 138.8 | G9: CNC | H9: {=INDEX(成本核算表!J:J,MATCH(1,(成本核算表!D:D=E9)*(成本核算表!C:C=G9),0))} -> 276 | I9: 62 | J9: =H9*I9 -> 17112 | K9: 6 | M9: =K9*H9 -> 1656 | N9: =J9-M9+L9 -> 15456 | O9: =N9/3600 -> 4.2933333
A10: 46087 | E10: 113-54 | F10: 138.8 | G10: CNC | H10: {=INDEX(成本核算表!J:J,MATCH(1,(成本核算表!D:D=E10)*(成本核算表!C:C=G10),0))} -> 160 | I10: =384/3 -> 128 | J10: =H10*I10 -> 20480 | M10: =K10*H10 -> 0 | N10: =J10-M10+L10 -> 20480 | O10: =N10/3600 -> 5.6888889
J11: =H11*I11 -> 0 | M11: =K11*H11 -> 0 | N11: =J11-M11+L11 -> 0 | O11: =N11/3600 -> 0
A12: 46089 | B12: 12 | C12: =O12/B12 -> 0.96296296 | E12: 113-54 | F12: 138.8 | G12: CNC | H12: {=INDEX(成本核算表!J:J,MATCH(1,(成本核算表!D:D=E12)*(成本核算表!C:C=G12),0))} -> 160 | I12: 260 | J12: =H12*I12 -> 41600 | M12: =K12*H12 -> 0 | N12: =J12-M12+L12 -> 41600 | O12: =N12/3600 -> 11.555556
A13: 46090 | B13: 12 | C13: =O13/B13 -> 0.96296296 | E13: 113-54 | F13: 138.8 | G13: CNC | H13: {=INDEX(成本核算表!J:J,MATCH(1,(成本核算表!D:D=E13)*(成本核算表!C:C=G13),0))} -> 160 | I13: 260 | J13: =H13*I13 -> 41600 | M13: =K13*H13 -> 0 | N13: =J13-M13+L13 -> 41600 | O13: =N13/3600 -> 11.555556
A14: 46091 | B14: 12 | C14: =SUM(O14:O15)/B14 -> 0.98101852 | D14: 25090907-01 | E14: 113-80 | F14: 1942 | G14: CNC | H14: {=INDEX(成本核算表!J:J,MATCH(1,(成本核算表!D:D=E14)*(成本核算表!C:C=G14),0))} -> 65 | I14: 548 | J14: =H14*I14 -> 35620 | K14: 40 | M14: =K14*H14 -> 2600 | N14: =J14-M14+L14 -> 33020 | O14: =N14/3600 -> 9.1722222
A15: 46091 | D15: 25090907-02 | E15: 113-80 | F15: 1942 | G15: CNC | H15: {=INDEX(成本核算表!J:J,MATCH(1,(成本核算表!D:D=E15)*(成本核算表!C:C=G15),0))} -> 65 | I15: 160 | J15: =H15*I15 -> 10400 | K15: 16 | M15: =K15*H15 -> 1040 | N15: =J15-M15+L15 -> 9360 | O15: =N15/3600 -> 2.6
A16: 46092 | B16: 12 | C16: =SUM(O16:O17)/B16 -> 1.0728009 | D16: 25090907-01 | E16: 113-80 | F16: 1942 | G16: CNC | H16: {=INDEX(成本核算表!J:J,MATCH(1,(成本核算表!D:D=E16)*(成本核算表!C:C=G16),0))} -> 65 | I16: 693 | J16: =H16*I16 -> 45045 | M16: =K16*H16 -> 0 | N16: =J16-M16+L16 -> 45045 | O16: =N16/3600 -> 12.5125
A17: 46092 | D17: 25090907-02 | E17: 113-80 | F17: 1942 | G17: CNC | H17: {=INDEX(成本核算表!J:J,MATCH(1,(成本核算表!D:D=E17)*(成本核算表!C:C=G17),0))} -> 65 | I17: 20 | J17: =H17*I17 -> 1300 | M17: =K17*H17 -> 0 | N17: =J17-M17+L17 -> 1300 | O17: =N17/3600 -> 0.36111111
A18: 46093 | B18: 12 | C18: =SUM(O18)/B18 -> 1.0167824 | D18: 25090907-01 | E18: 113-80 | F18: 1942 | G18: 沉孔 | H18: {=INDEX(成本核算表!J:J,MATCH(1,(成本核算表!D:D=E18)*(成本核算表!C:C=G18),0))} -> 35 | I18: 1265 | J18: =H18*I18 -> 44275 | K18: 10 | M18: =K18*H18 -> 350 | N18: =J18-M18+L18 -> 43925 | O18: =N18/3600 -> 12.201389
A19: 46094 | B19: 12 | C19: =SUM(O19:O22)/B19 -> 1.0800926 | D19: 25090907-01 | E19: 113-80 | F19: 1942 | G19: CNC | H19: {=INDEX(成本核算表!J:J,MATCH(1,(成本核算表!D:D=E19)*(成本核算表!C:C=G19),0))} -> 65 | I19: 346 | J19: =H19*I19 -> 22490 | K19: 28 | M19: =K19*H19 -> 1820 | N19: =J19-M19+L19 -> 20670 | O19: =N19/3600 -> 5.7416667
A20: 46094 | D20: 25090907-02 | E20: 113-80 | F20: 1942 | G20: CNC | H20: {=INDEX(成本核算表!J:J,MATCH(1,(成本核算表!D:D=E20)*(成本核算表!C:C=G20),0))} -> 65 | I20: 226 | J20: =H20*I20 -> 14690 | K20: 8 | M20: =K20*H20 -> 520 | N20: =J20-M20+L20 -> 14170 | O20: =N20/3600 -> 3.9361111
A21: 46094 | D21: 26022504-04 | E21: 213-553 | F21: 1960 | G21: CNC | H21: {=INDEX(成本核算表!J:J,MATCH(1,(成本核算表!D:D=E21)*(成本核算表!C:C=G21),0))} -> 60 | I21: 16 | J21: =H21*I21 -> 960 | M21: =K21*H21 -> 0 | N21: =J21-M21+L21 -> 960 | O21: =N21/3600 -> 0.26666667
A22: 46094 | D22: 26022504-03 | E22: 213-553 | F22: 1960 | G22: CNC | H22: {=INDEX(成本核算表!J:J,MATCH(1,(成本核算表!D:D=E22)*(成本核算表!C:C=G22),0))} -> 60 | I22: 181 | J22: =H22*I22 -> 10860 | M22: =K22*H22 -> 0 | N22: =J22-M22+L22 -> 10860 | O22: =N22/3600 -> 3.0166667
A23: 46095 | B23: 12 | C23: =SUM(O23:O24)/B23 -> 1.0196759 | D23: 26030302-02 | E23: 180-261 | F23: 950 | G23: 冲安装孔 | H23: {=INDEX(成本核算表!J:J,MATCH(1,(成本核算表!D:D=E23)*(成本核算表!C:C=G23),0))} -> 25 | I23: 1200 | J23: =H23*I23 -> 30000 | M23: =K23*H23 -> 0 | N23: =J23-M23+L23 -> 30000 | O23: =N23/3600 -> 8.3333333
A24: 46095 | D24: 26030306-02 | E24: 180-261 | F24: 950 | G24: 冲安装孔 | H24: {=INDEX(成本核算表!J:J,MATCH(1,(成本核算表!D:D=E24)*(成本核算表!C:C=G24),0))} -> 25 | I24: 562 | J24: =H24*I24 -> 14050 | M24: =K24*H24 -> 0 | N24: =J24-M24+L24 -> 14050 | O24: =N24/3600 -> 3.9027778
H25: {=INDEX(成本核算表!J:J,MATCH(1,(成本核算表!D:D=E25)*(成本核算表!C:C=G25),0))} -> 0 | J25: =H25*I25 -> 0 | M25: =K25*H25 -> 0 | N25: =J25-M25+L25 -> 0 | O25: =N25/3600 -> 0
A26: 46097 | B26: 11 | C26: =SUM(O26:O27)/B26 -> 0.9260101 | D26: 26031503-01 | E26: 105-244 | F26: 2200 | G26: 冲腰孔 | H26: {=INDEX(成本核算表!J:J,MATCH(1,(成本核算表!D:D=E26)*(成本核算表!C:C=G26),0))} -> 13 | I26: 340 | J26: =H26*I26 -> 4420 | M26: =K26*H26 -> 0 | N26: =J26-M26+L26 -> 4420 | O26: =N26/3600 -> 1.2277778
A27: 46097 | D27: 26031503-02 | E27: 105-244 | F27: 2200 | G27: 冲缺口 | H27: {=INDEX(成本核算表!J:J,MATCH(1,(成本核算表!D:D=E27)*(成本核算表!C:C=G27),0))} -> 15 | I27: 2150 | J27: =H27*I27 -> 32250 | M27: =K27*H27 -> 0 | N27: =J27-M27+L27 -> 32250 | O27: =N27/3600 -> 8.9583333
A28: 46098 | B28: 11 | C28: =SUM(O28)/B28 -> 1.010101 | D28: 25062804-02 | E28: 113-54 | F28: 138.8 | G28: CNC | H28: {=INDEX(成本核算表!J:J,MATCH(1,(成本核算表!D:D=E28)*(成本核算表!C:C=G28),0))} -> 160 | I28: 260 | J28: =H28*I28 -> 41600 | K28: 10 | M28: =K28*H28 -> 1600 | N28: =J28-M28+L28 -> 40000 | O28: =N28/3600 -> 11.111111
A29: 46099 | B29: 11 | C29: =SUM(O29)/B29 -> 1.0020202 | D29: 25062804-02 | E29: 113-54 | F29: 138.8 | G29: CNC | H29: {=INDEX(成本核算表!J:J,MATCH(1,(成本核算表!D:D=E29)*(成本核算表!C:C=G29),0))} -> 160 | I29: 260 | J29: =H29*I29 -> 41600 | K29: 12 | M29: =K29*H29 -> 1920 | N29: =J29-M29+L29 -> 39680 | O29: =N29/3600 -> 11.022222
A30: 46100 | B30: 11 | C30: =SUM(O30:O31)/B30 -> 1.1181818 | E30: 180-259 | F30: 1500 | G30: CNC | H30: {=INDEX(成本核算表!J:J,MATCH(1,(成本核算表!D:D=E30)*(成本核算表!C:C=G30),0))} -> 110 | I30: 68 | J30: =H30*I30 -> 7480 | M30: =K30*H30 -> 0 | N30: =J30-M30+L30 -> 7480 | O30: =N30/3600 -> 2.0777778
A31: 46100 | D31: 25062804-02 | E31: 113-54 | F31: 138.8 | G31: CNC | H31: {=INDEX(成本核算表!J:J,MATCH(1,(成本核算表!D:D=E31)*(成本核算表!C:C=G31),0))} -> 160 | I31: 240 | J31: =H31*I31 -> 38400 | K31: 10 | M31: =K31*H31 -> 1600 | N31: =J31-M31+L31 -> 36800 | O31: =N31/3600 -> 10.222222
A32: 46101 | B32: 11 | C32: =SUM(O32:O35)/B32 -> 0.84469697 | D32: 26031301-03 | E32: 213-553 | F32: 1960 | G32: 冲葫芦孔 | H32: {=INDEX(成本核算表!J:J,MATCH(1,(成本核算表!D:D=E32)*(成本核算表!C:C=G32),0))} -> 15 | I32: 682 | J32: =H32*I32 -> 10230 | M32: =K32*H32 -> 0 | N32: =J32-M32+L32 -> 10230 | O32: =N32/3600 -> 2.8416667
A33: 46101 | D33: 26031301-03 | E33: 213-553 | F33: 1960 | G33: 冲六角孔 | H33: {=INDEX(成本核算表!J:J,MATCH(1,(成本核算表!D:D=E33)*(成本核算表!C:C=G33),0))} -> 15 | I33: 682 | J33: =H33*I33 -> 10230 | M33: =K33*H33 -> 0 | N33: =J33-M33+L33 -> 10230 | O33: =N33/3600 -> 2.8416667
A34: 46101 | D34: 26031301-04 | E34: 213-553 | F34: 1960 | G34: 冲葫芦孔 | H34: {=INDEX(成本核算表!J:J,MATCH(1,(成本核算表!D:D=E34)*(成本核算表!C:C=G34),0))} -> 15 | I34: 383 | J34: =H34*I34 -> 5745 | M34: =K34*H34 -> 0 | N34: =J34-M34+L34 -> 5745 | O34: =N34/3600 -> 1.5958333
A35: 46101 | D35: 26031301-04 | E35: 213-553 | F35: 1960 | G35: 冲六角孔 | H35: {=INDEX(成本核算表!J:J,MATCH(1,(成本核算表!D:D=E35)*(成本核算表!C:C=G35),0))} -> 15 | I35: 483 | J35: =H35*I35 -> 7245 | M35: =K35*H35 -> 0 | N35: =J35-M35+L35 -> 7245 | O35: =N35/3600 -> 2.0125
H36: {=INDEX(成本核算表!J:J,MATCH(1,(成本核算表!D:D=E36)*(成本核算表!C:C=G36),0))} -> 0 | J36: =H36*I36 -> 0 | M36: =K36*H36 -> 0 | N36: =J36-M36+L36 -> 0 | O36: =N36/3600 -> 0
H37: {=INDEX(成本核算表!J:J,MATCH(1,(成本核算表!D:D=E37)*(成本核算表!C:C=G37),0))} -> 0 | J37: =H37*I37 -> 0 | M37: =K37*H37 -> 0 | N37: =J37-M37+L37 -> 0 | O37: =N37/3600 -> 0
H38: {=INDEX(成本核算表!J:J,MATCH(1,(成本核算表!D:D=E38)*(成本核算表!C:C=G38),0))} -> 0 | J38: =H38*I38 -> 0 | M38: =K38*H38 -> 0 | N38: =J38-M38+L38 -> 0 | O38: =N38/3600 -> 0
H39: {=INDEX(成本核算表!J:J,MATCH(1,(成本核算表!D:D=E39)*(成本核算表!C:C=G39),0))} -> 0 | J39: =H39*I39 -> 0 | M39: =K39*H39 -> 0 | N39: =J39-M39+L39 -> 0 | O39: =N39/3600 -> 0
H40: {=INDEX(成本核算表!J:J,MATCH(1,(成本核算表!D:D=E40)*(成本核算表!C:C=G40),0))} -> 0 | J40: =H40*I40 -> 0 | M40: =K40*H40 -> 0 | N40: =J40-M40+L40 -> 0 | O40: =N40/3600 -> 0
H41: {=INDEX(成本核算表!J:J,MATCH(1,(成本核算表!D:D=E41)*(成本核算表!C:C=G41),0))} -> 0 | J41: =H41*I41 -> 0 | M41: =K41*H41 -> 0 | N41: =J41-M41+L41 -> 0 | O41: =N41/3600 -> 0
H42: {=INDEX(成本核算表!J:J,MATCH(1,(成本核算表!D:D=E42)*(成本核算表!C:C=G42),0))} -> 0 | J42: =H42*I42 -> 0 | M42: =K42*H42 -> 0 | N42: =J42-M42+L42 -> 0 | O42: =N42/3600 -> 0
H43: {=INDEX(成本核算表!J:J,MATCH(1,(成本核算表!D:D=E43)*(成本核算表!C:C=G43),0))} -> 0 | J43: =H43*I43 -> 0 | M43: =K43*H43 -> 0 | N43: =J43-M43+L43 -> 0 | O43: =N43/3600 -> 0
H44: {=INDEX(成本核算表!J:J,MATCH(1,(成本核算表!D:D=E44)*(成本核算表!C:C=G44),0))} -> 0 | J44: =H44*I44 -> 0 | M44: =K44*H44 -> 0 | N44: =J44-M44+L44 -> 0 | O44: =N44/3600 -> 0
H45: {=INDEX(成本核算表!J:J,MATCH(1,(成本核算表!D:D=E45)*(成本核算表!C:C=G45),0))} -> 0 | J45: =H45*I45 -> 0 | M45: =K45*H45 -> 0 | N45: =J45-M45+L45 -> 0 | O45: =N45/3600 -> 0
H46: {=INDEX(成本核算表!J:J,MATCH(1,(成本核算表!D:D=E46)*(成本核算表!C:C=G46),0))} -> 0 | J46: =H46*I46 -> 0 | M46: =K46*H46 -> 0 | N46: =J46-M46+L46 -> 0 | O46: =N46/3600 -> 0
H47: {=INDEX(成本核算表!J:J,MATCH(1,(成本核算表!D:D=E47)*(成本核算表!C:C=G47),0))} -> 0 | J47: =H47*I47 -> 0 | M47: =K47*H47 -> 0 | N47: =J47-M47+L47 -> 0 | O47: =N47/3600 -> 0
... H99: {=INDEX(成本核算表!J:J,MATCH(1,(成本核算表!D:D=E99)*(成本核算表!C:C=G99),0))} -> 0 | J99: =H99*I99 -> 0 | M99: =K99*H99 -> 0 | N99: =J99-M99+L99 -> 0 | O99: =N99/3600 -> 0

Sheet 冯永惠
A1: 日期 | B1: 出勤工时 | C1: 工时效率 | D1: 项目号 | E1: 产品型号 | F1: 长度（mm） | G1: 工序 | H1: 单件标准工时（S/支） | I1: 合格产量（支数） | J1: 合格工时（S） | K1: 个人不良产量（支数） | L1: 加分项 | M1: 减分项 | N1: 考核合计工时（秒） | O1: 合计（小时） | P1: 说明 | Q1: 备注
A2: 46082 | B2: 12 | C2: =SUM(O2:O3)/B2 -> 1.1475 | D2: 26020502-03 | E2: 105-331 | F2: 119.5 | G2: 倒角 | H2: {=INDEX(成本核算表!J:J,MATCH(1,(成本核算表!D:D=E2)*(成本核算表!C:C=G2),0))} -> 15 | I2: 1216 | J2: =H2*I2 -> 18240 | N2: =J2-M2+L2 -> 18240 | O2: =N2/3600 -> 5.0666667
A3: 46082 | D3: 26020502-03 | E3: 105-331 | F3: 119.5 | G3: 沉孔 | H3: {=INDEX(成本核算表!J:J,MATCH(1,(成本核算表!D:D=E3)*(成本核算表!C:C=G3),0))} -> 12 | I3: 2611 | J3: =H3*I3 -> 31332 | N3: =J3-M3+L3 -> 31332 | O3: =N3/3600 -> 8.7033333
A4: 46083 | B4: 12 | C4: =SUM(O4:O5)/B4 -> 1.0185185 | D4: 26020502-01 | E4: 105-330 | F4: 260 | G4: CNC1 | H4: {=INDEX(成本核算表!J:J,MATCH(1,(成本核算表!D:D=E4)*(成本核算表!C:C=G4),0))} -> 50 | I4: 400 | J4: =H4*I4 -> 20000 | N4: =J4-M4+L4 -> 20000 | O4: =N4/3600 -> 5.5555556
A5: 46083 | D5: 26020502-01 | E5: 105-330 | F5: 260 | G5: CNC2 | H5: {=INDEX(成本核算表!J:J,MATCH(1,(成本核算表!D:D=E5)*(成本核算表!C:C=G5),0))} -> 60 | I5: 400 | J5: =H5*I5 -> 24000 | N5: =J5-M5+L5 -> 24000 | O5: =N5/3600 -> 6.6666667
A6: 46084 | B6: 12 | C6: =SUM(O6:O9)/B6 -> 0.57523148 | E6: 286-337 | G6: 打孔 | H6: {=INDEX(成本核算表!J:J,MATCH(1,(成本核算表!D:D=E6)*(成本核算表!C:C=G6),0))} -> 100 | I6: =55/2 -> 27.5 | J6: =H6*I6 -> 2750 | N6: =J6-M6+L6 -> 2750 | O6: =N6/3600 -> 0.76388889
A7: 46084 | D7: 26022708-05 | E7: 180-259 | F7: 950 | G7: 端铣 | H7: {=INDEX(成本核算表!J:J,MATCH(1,(成本核算表!D:D=E7)*(成本核算表!C:C=G7),0))} -> 20 | I7: =1030/2 -> 515 | J7: =H7*I7 -> 10300 | N7: =J7-M7+L7 -> 10300 | O7: =N7/3600 -> 2.8611111
A8: 46084 | D8: 26022708-08 | E8: 180-259 | F8: 1150 | G8: 端铣 | H8: {=INDEX(成本核算表!J:J,MATCH(1,(成本核算表!D:D=E8)*(成本核算表!C:C=G8),0))} -> 20 | I8: 15 | J8: =H8*I8 -> 300 | N8: =J8-M8+L8 -> 300 | O8: =N8/3600 -> 0.083333333
A9: 46084 | D9: 26022708-06 | E9: 180-259 | F9: 1150 | G9: 端铣 | H9: {=INDEX(成本核算表!J:J,MATCH(1,(成本核算表!D:D=E9)*(成本核算表!C:C=G9),0))} -> 20 | I9: =1150/2 -> 575 | J9: =H9*I9 -> 11500 | N9: =J9-M9+L9 -> 11500 | O9: =N9/3600 -> 3.1944444
A10: 46085 | B10: 12 | C10: =SUM(O10:O11)/B10 -> 1.0185185 | D10: 26020502-01 | E10: 105-330 | F10: 260 | G10: CNC1 | H10: {=INDEX(成本核算表!J:J,MATCH(1,(成本核算表!D:D=E10)*(成本核算表!C:C=G10),0))} -> 50 | I10: 400 | J10: =H10*I10 -> 20000 | N10: =J10-M10+L10 -> 20000 | O10: =N10/3600 -> 5.5555556
A11: 46085 | D11: 26020502-01 | E11: 105-330 | F11: 260 | G11: CNC2 | H11: {=INDEX(成本核算表!J:J,MATCH(1,(成本核算表!D:D=E11)*(成本核算表!C:C=G11),0))} -> 60 | I11: 400 | J11: =H11*I11 -> 24000 | N11: =J11-M11+L11 -> 24000 | O11: =N11/3600 -> 6.6666667
A12: 46086 | B12: 12 | C12: =SUM(O12)/B12 -> 0.75 | D12: 26020502-03 | E12: 105-331 | F12: 119.5 | G12: 沉孔 | H12: {=INDEX(成本核算表!J:J,MATCH(1,(成本核算表!D:D=E12)*(成本核算表!C:C=G12),0))} -> 12 | I12: 2400 | J12: =H12*I12 -> 28800 | L12: 3600 | N12: =J12-M12+L12 -> 32400 | O12: =N12/3600 -> 9
A13: 46087 | B13: 12 | C13: =SUM(O13)/B13 -> 0.50555556 | D13: 26020502-03 | E13: 105-331 | F13: 119.5 | G13: 沉孔 | H13: {=INDEX(成本核算表!J:J,MATCH(1,(成本核算表!D:D=E13)*(成本核算表!C:C=G13),0))} -> 12 | I13: 1820 | J13: =H13*I13 -> 21840 | N13: =J13-M13+L13 -> 21840 | O13: =N13/3600 -> 6.0666667
A14: 46088 | B14: 12 | C14: =C10 -> 1.0185185 | D14: 26020701-01 | E14: 180-217 | F14: 1633.7 | G14: CNC | H14: {=INDEX(成本核算表!J:J,MATCH(1,(成本核算表!D:D=E14)*(成本核算表!C:C=G14),0))} -> 400 | I14: 86 | J14: =H14*I14 -> 34400 | N14: =J14-M14+L14 -> 34400 | O14: =N14/3600 -> 9.5555556
A15: 46088 | D15: 26022505-01 | E15: 258-462 | F15: 140 | G15: CNC2 | H15: {=INDEX(成本核算表!J:J,MATCH(1,(成本核算表!D:D=E15)*(成本核算表!C:C=G15),0))} -> 700 | I15: 50 | J15: =H15*I15 -> 35000 | N15: =J15-M15+L15 -> 35000 | O15: =N15/3600 -> 9.7222222
H16: {=INDEX(成本核算表!J:J,MATCH(1,(成本核算表!D:D=E16)*(成本核算表!C:C=G16),0))} -> 0 | J16: =H16*I16 -> 0 | N16: =J16-M16+L16 -> 0 | O16: =N16/3600 -> 0
A17: 46090 | B17: 11 | C17: =SUM(O17)/B17 -> 1.1363636 | D17: 26030101-02 | E17: 196-114 | F17: 2296.8 | G17: CNC | H17: {=INDEX(成本核算表!J:J,MATCH(1,(成本核算表!D:D=E17)*(成本核算表!C:C=G17),0))} -> 600 | I17: 75 | J17: =H17*I17 -> 45000 | N17: =J17-M17+L17 -> 45000 | O17: =N17/3600 -> 12.5
A18: 46091 | B18: 11 | C18: =SUM(O18)/B18 -> 1.1363636 | D18: 26030101-02 | E18: 196-114 | F18: 2296.8 | G18: CNC | H18: {=INDEX(成本核算表!J:J,MATCH(1,(成本核算表!D:D=E18)*(成本核算表!C:C=G18),0))} -> 600 | I18: 75 | J18: =H18*I18 -> 45000 | N18: =J18-M18+L18 -> 45000 | O18: =N18/3600 -> 12.5
A19: 46092 | B19: 12 | C19: =SUM(O19)/B19 -> 0.49444444 | D19: 26020502-02 | E19: 105-331 | F19: 119.5 | G19: 沉孔 | H19: {=INDEX(成本核算表!J:J,MATCH(1,(成本核算表!D:D=E19)*(成本核算表!C:C=G19),0))} -> 12 | I19: 1780 | J19: =H19*I19 -> 21360 | N19: =J19-M19+L19 -> 21360 | O19: =N19/3600 -> 5.9333333
H20: {=INDEX(成本核算表!J:J,MATCH(1,(成本核算表!D:D=E20)*(成本核算表!C:C=G20),0))} -> 0 | J20: =H20*I20 -> 0 | N20: =J20-M20+L20 -> 0 | O20: =N20/3600 -> 0
H21: {=INDEX(成本核算表!J:J,MATCH(1,(成本核算表!D:D=E21)*(成本核算表!C:C=G21),0))} -> 0 | J21: =H21*I21 -> 0 | N21: =J21-M21+L21 -> 0 | O21: =N21/3600 -> 0
H22: {=INDEX(成本核算表!J:J,MATCH(1,(成本核算表!D:D=E22)*(成本核算表!C:C=G22),0))} -> 0 | J22: =H22*I22 -> 0 | N22: =J22-M22+L22 -> 0 | O22: =N22/3600 -> 0
A23: 46096 | B23: 12 | C23: =SUM(O23)/B23 -> 1.0416667 | D23: 26030101-02 | E23: 196-114 | F23: 2296.8 | G23: CNC | H23: {=INDEX(成本核算表!J:J,MATCH(1,(成本核算表!D:D=E23)*(成本核算表!C:C=G23),0))} -> 600 | I23: 75 | J23: =H23*I23 -> 45000 | N23: =J23-M23+L23 -> 45000 | O23: =N23/3600 -> 12.5
A24: 46097 | B24: 12 | C24: =SUM(O24)/B24 -> 1.0416667 | D24: 26030101-02 | E24: 196-114 | F24: 2296.8 | G24: CNC | H24: {=INDEX(成本核算表!J:J,MATCH(1,(成本核算表!D:D=E24)*(成本核算表!C:C=G24),0))} -> 600 | I24: 75 | J24: =H24*I24 -> 45000 | N24: =J24-M24+L24 -> 45000 | O24: =N24/3600 -> 12.5
A25: 46098 | B25: 12 | C25: =SUM(O25:O26)/B25 -> 0.90277778 | D25: 26022504-03 | E25: 213-553 | F25: 1960 | G25: 切割45° | H25: {=INDEX(成本核算表!J:J,MATCH(1,(成本核算表!D:D=E25)*(成本核算表!C:C=G25),0))} -> 30 | I25: 500 | J25: =H25*I25 -> 15000 | L25: 14400 | N25: =J25-M25+L25 -> 29400 | O25: =N25/3600 -> 8.1666667 | Q25: 挑料4H
A26: 46098 | D26: 26022504-04 | E26: 213-553 | F26: 1960 | G26: 切割45° | H26: {=INDEX(成本核算表!J:J,MATCH(1,(成本核算表!D:D=E26)*(成本核算表!C:C=G26),0))} -> 30 | I26: 320 | J26: =H26*I26 -> 9600 | N26: =J26-M26+L26 -> 9600 | O26: =N26/3600 -> 2.6666667
A27: 46099 | B27: 12 | C27: =SUM(O27:O28)/B27 -> 0.58680556 | D27: 26022504-02 | E27: 213-553 | F27: 780 | G27: 切割45° | H27: {=INDEX(成本核算表!J:J,MATCH(1,(成本核算表!D:D=E27)*(成本核算表!C:C=G27),0))} -> 30 | I27: 505 | J27: =H27*I27 -> 15150 | L27: 7200 | N27: =J27-M27+L27 -> 22350 | O27: =N27/3600 -> 6.2083333
A28: 46099 | D28: 26020502-03 | E28: 105-331 | F28: 119.5 | G28: 沉孔 | H28: {=INDEX(成本核算表!J:J,MATCH(1,(成本核算表!D:D=E28)*(成本核算表!C:C=G28),0))} -> 12 | I28: 250 | J28: =H28*I28 -> 3000 | N28: =J28-M28+L28 -> 3000 | O28: =N28/3600 -> 0.83333333
A29: 46100 | B29: 12 | C29: =SUM(O29:O30)/B29 -> 1.0185185 | D29: 26020502-01 | E29: 105-330 | F29: 260 | G29: CNC1 | H29: {=INDEX(成本核算表!J:J,MATCH(1,(成本核算表!D:D=E29)*(成本核算表!C:C=G29),0))} -> 50 | I29: 400 | J29: =H29*I29 -> 20000 | N29: =J29-M29+L29 -> 20000 | O29: =N29/3600 -> 5.5555556
A30: 46100 | D30: 26020502-01 | E30: 105-330 | F30: 260 | G30: CNC2 | H30: {=INDEX(成本核算表!J:J,MATCH(1,(成本核算表!D:D=E30)*(成本核算表!C:C=G30),0))} -> 60 | I30: 400 | J30: =H30*I30 -> 24000 | N30: =J30-M30+L30 -> 24000 | O30: =N30/3600 -> 6.6666667
A31: 46101 | B31: 12 | C31: =SUM(O31)/B31 -> 0.99259259 | D31: 26031205-01 | E31: 196-110*1447 | F31: 1447 | G31: CNC | H31: {=INDEX(成本核算表!J:J,MATCH(1,(成本核算表!D:D=E31)*(成本核算表!C:C=G31),0))} -> 335 | I31: 130 | J31: =H31*I31 -> 43550 | K31: 2 | M31: =K31*H31 -> 670 | N31: =J31-M31+L31 -> 42880 | O31: =N31/3600 -> 11.911111
H32: {=INDEX(成本核算表!J:J,MATCH(1,(成本核算表!D:D=E32)*(成本核算表!C:C=G32),0))} -> 0 | J32: =H32*I32 -> 0 | N32: =J32-M32+L32 -> 0 | O32: =N32/3600 -> 0
H33: {=INDEX(成本核算表!J:J,MATCH(1,(成本核算表!D:D=E33)*(成本核算表!C:C=G33),0))} -> 0 | J33: =H33*I33 -> 0 | N33: =J33-M33+L33 -> 0 | O33: =N33/3600 -> 0
H34: {=INDEX(成本核算表!J:J,MATCH(1,(成本核算表!D:D=E34)*(成本核算表!C:C=G34),0))} -> 0 | J34: =H34*I34 -> 0 | N34: =J34-M34+L34 -> 0 | O34: =N34/3600 -> 0
H35: {=INDEX(成本核算表!J:J,MATCH(1,(成本核算表!D:D=E35)*(成本核算表!C:C=G35),0))} -> 0 | J35: =H35*I35 -> 0 | N35: =J35-M35+L35 -> 0 | O35: =N35/3600 -> 0
H36: {=INDEX(成本核算表!J:J,MATCH(1,(成本核算表!D:D=E36)*(成本核算表!C:C=G36),0))} -> 0 | J36: =H36*I36 -> 0 | N36: =J36-M36+L36 -> 0 | O36: =N36/3600 -> 0
H37: {=INDEX(成本核算表!J:J,MATCH(1,(成本核算表!D:D=E37)*(成本核算表!C:C=G37),0))} -> 0 | J37: =H37*I37 -> 0 | N37: =J37-M37+L37 -> 0 | O37: =N37/3600 -> 0
H38: {=INDEX(成本核算表!J:J,MATCH(1,(成本核算表!D:D=E38)*(成本核算表!C:C=G38),0))} -> 0 | J38: =H38*I38 -> 0 | N38: =J38-M38+L38 -> 0 | O38: =N38/3600 -> 0
H39: {=INDEX(成本核算表!J:J,MATCH(1,(成本核算表!D:D=E39)*(成本核算表!C:C=G39),0))} -> 0 | J39: =H39*I39 -> 0 | N39: =J39-M39+L39 -> 0 | O39: =N39/3600 -> 0
H40: {=INDEX(成本核算表!J:J,MATCH(1,(成本核算表!D:D=E40)*(成本核算表!C:C=G40),0))} -> 0 | J40: =H40*I40 -> 0 | N40: =J40-M40+L40 -> 0 | O40: =N40/3600 -> 0
H41: {=INDEX(成本核算表!J:J,MATCH(1,(成本核算表!D:D=E41)*(成本核算表!C:C=G41),0))} -> 0 | J41: =H41*I41 -> 0 | N41: =J41-M41+L41 -> 0 | O41: =N41/3600 -> 0
H42: {=INDEX(成本核算表!J:J,MATCH(1,(成本核算表!D:D=E42)*(成本核算表!C:C=G42),0))} -> 0 | J42: =H42*I42 -> 0 | N42: =J42-M42+L42 -> 0 | O42: =N42/3600 -> 0
H43: {=INDEX(成本核算表!J:J,MATCH(1,(成本核算表!D:D=E43)*(成本核算表!C:C=G43),0))} -> 0 | J43: =H43*I43 -> 0 | N43: =J43-M43+L43 -> 0 | O43: =N43/3600 -> 0
... H101: {=INDEX(成本核算表!J:J,MATCH(1,(成本核算表!D:D=E101)*(成本核算表!C:C=G101),0))} -> 0 | J101: =H101*I101 -> 0 | N101: =J101-M101+L101 -> 0 | O101: =N101/3600 -> 0

Sheet 张吉成
A1: 日期 | B1: 出勤工时 | C1: 工时效率 | D1: 项目号 | E1: 产品型号 | F1: 长度（mm） | G1: 工序 | H1: 单件标准工时（S/支） | I1: 合格产量（支数） | J1: 合格工时（S） | K1: 个人不良产量（支数） | L1: 加分项 | M1: 减分项 | N1: 考核合计工时（秒） | O1: 合计（小时） | P1: 说明 | Q1: 备注
A2: 46082 | B2: 12 | C2: =O2/B2 -> 1.1851852 | D2: 25070202-15 | E2: 286-473 | F2: 190 | G2: CNC | H2: {=INDEX(成本核算表!J:J,MATCH(1,(成本核算表!D:D=E2)*(成本核算表!C:C=G2),0))} -> 160 | I2: 320 | J2: =H2*I2 -> 51200 | N2: =J2-M2+L2 -> 51200 | O2: =N2/3600 -> 14.222222
A3: 46083 | B3: 12 | C3: =O3/B3 -> 0.93333333 | D3: 26020502-03 | E3: 105-331 | F3: 119.5 | G3: 沉孔 | H3: {=INDEX(成本核算表!J:J,MATCH(1,(成本核算表!D:D=E3)*(成本核算表!C:C=G3),0))} -> 12 | I3: 3360 | J3: =H3*I3 -> 40320 | N3: =J3-M3+L3 -> 40320 | O3: =N3/3600 -> 11.2
A4: 46084 | B4: 12 | C4: =SUM(O4:O7)/B4 -> 1.2541667 | D4: 26020502-02 | E4: 105-331 | F4: 119.5 | G4: 倒角 | H4: {=INDEX(成本核算表!J:J,MATCH(1,(成本核算表!D:D=E4)*(成本核算表!C:C=G4),0))} -> 15 | I4: 1002 | J4: =H4*I4 -> 15030 | N4: =J4-M4+L4 -> 15030 | O4: =N4/3600 -> 4.175
A5: 46084 | D5: 26022610-05 | E5: 213-357 | F5: 1587.5 | G5: CNC | H5: {=INDEX(成本核算表!J:J,MATCH(1,(成本核算表!D:D=E5)*(成本核算表!C:C=G5),0))} -> 25 | I5: 126 | J5: =H5*I5 -> 3150 | N5: =J5-M5+L5 -> 3150 | O5: =N5/3600 -> 0.875
A6: 46084 | D6: 26022505-03 | E6: 258-308 | F6: 180 | G6: CNC1 | H6: {=INDEX(成本核算表!J:J,MATCH(1,(成本核算表!D:D=E6)*(成本核算表!C:C=G6),0))} -> 800 | I6: 17 | J6: =H6*I6 -> 13600 | N6: =J6-M6+L6 -> 13600 | O6: =N6/3600 -> 3.7777778
A7: 46084 | D7: 26022505-02 | E7: 258-308 | F7: 180 | G7: CNC1 | H7: {=INDEX(成本核算表!J:J,MATCH(1,(成本核算表!D:D=E7)*(成本核算表!C:C=G7),0))} -> 800 | I7: 28 | J7: =H7*I7 -> 22400 | N7: =J7-M7+L7 -> 22400 | O7: =N7/3600 -> 6.2222222
A8: 46085 | B8: 12 | C8: =SUM(O8:O9)/B8 -> 0.95740741 | D8: 25062804-02 | E8: 113-54 | F8: 138.8 | G8: CNC | H8: {=INDEX(成本核算表!J:J,MATCH(1,(成本核算表!D:D=E8)*(成本核算表!C:C=G8),0))} -> 160 | I8: =726/3 -> 242 | J8: =H8*I8 -> 38720 | N8: =J8-M8+L8 -> 38720 | O8: =N8/3600 -> 10.755556
A9: 46085 | E9: 03-10 | F9: 2115 | G9: CNC | H9: {=INDEX(成本核算表!J:J,MATCH(1,(成本核算表!D:D=E9)*(成本核算表!C:C=G9),0))} -> 120 | I9: 22 | J9: =H9*I9 -> 2640 | N9: =J9-M9+L9 -> 2640 | O9: =N9/3600 -> 0.73333333
A11: 46087 | B11: 12 | C11: =O11/B11 -> 1.1805556 | D11: 26020502-02 | E11: 105-331 | F11: 119.5 | G11: 倒角 | H11: {=INDEX(成本核算表!J:J,MATCH(1,(成本核算表!D:D=E11)*(成本核算表!C:C=G11),0))} -> 15 | I11: 3400 | J11: =H11*I11 -> 51000 | N11: =J11-M11+L11 -> 51000 | O11: =N11/3600 -> 14.166667
A12: 46088 | B12: 12 | C12: =O12/B12 -> 0.69777778 | D12: 26020502-03 | E12: 105-331 | F12: 119.5 | G12: 沉孔 | H12: {=INDEX(成本核算表!J:J,MATCH(1,(成本核算表!D:D=E12)*(成本核算表!C:C=G12),0))} -> 12 | I12: 2516 | J12: =H12*I12 -> 30192 | K12: 4 | M12: =K12*H12 -> 48 | N12: =J12-M12+L12 -> 30144 | O12: =N12/3600 -> 8.3733333
H13: {=INDEX(成本核算表!J:J,MATCH(1,(成本核算表!D:D=E13)*(成本核算表!C:C=G13),0))} -> 0 | J13: =H13*I13 -> 0 | M13: =K13*H13 -> 0 | N13: =J13-M13+L13 -> 0 | O13: =N13/3600 -> 0
A14: 46090 | B14: 11 | C14: =SUM(O14)/B14 -> 1.1363636 | D14: 26030101-02 | E14: 196-114 | F14: 2296.8 | G14: CNC | H14: {=INDEX(成本核算表!J:J,MATCH(1,(成本核算表!D:D=E14)*(成本核算表!C:C=G14),0))} -> 600 | I14: 75 | J14: =H14*I14 -> 45000 | M14: =K14*H14 -> 0 | N14: =J14-M14+L14 -> 45000 | O14: =N14/3600 -> 12.5
A15: 46091 | B15: 11 | C15: =SUM(O15)/B15 -> 1.1363636 | D15: 26030101-02 | E15: 196-114 | F15: 2296.8 | G15: CNC | H15: {=INDEX(成本核算表!J:J,MATCH(1,(成本核算表!D:D=E15)*(成本核算表!C:C=G15),0))} -> 600 | I15: 75 | J15: =H15*I15 -> 45000 | M15: =K15*H15 -> 0 | N15: =J15-M15+L15 -> 45000 | O15: =N15/3600 -> 12.5
A16: 46092 | B16: 11 | C16: =SUM(O16)/B16 -> 1.1363636 | D16: 26030101-02 | E16: 196-114 | F16: 2296.8 | G16: CNC | H16: {=INDEX(成本核算表!J:J,MATCH(1,(成本核算表!D:D=E16)*(成本核算表!C:C=G16),0))} -> 600 | I16: 75 | J16: =H16*I16 -> 45000 | M16: =K16*H16 -> 0 | N16: =J16-M16+L16 -> 45000 | O16: =N16/3600 -> 12.5
A17: 46093 | B17: 11 | C17: =SUM(O17:O19)/B17 -> 0.76040404 | D17: 25090907-01 | E17: 113-80 | F17: 1942 | G17: 沉孔 | H17: {=INDEX(成本核算表!J:J,MATCH(1,(成本核算表!D:D=E17)*(成本核算表!C:C=G17),0))} -> 35 | I17: 224 | J17: =H17*I17 -> 7840 | L17: 3600 | M17: =K17*H17 -> 0 | N17: =J17-M17+L17 -> 11440 | O17: =N17/3600 -> 3.1777778
A18: 46093 | D18: 25090907-02 | E18: 113-80 | F18: 1942 | G18: 沉孔 | H18: {=INDEX(成本核算表!J:J,MATCH(1,(成本核算表!D:D=E18)*(成本核算表!C:C=G18),0))} -> 35 | I18: 444 | J18: =H18*I18 -> 15540 | K18: 24 | M18: =K18*H18 -> 840 | N18: =J18-M18+L18 -> 14700 | O18: =N18/3600 -> 4.0833333
A19: 46093 | D19: 26020502-03 | E19: 105-331 | F19: 119.5 | G19: 沉孔 | H19: {=INDEX(成本核算表!J:J,MATCH(1,(成本核算表!D:D=E19)*(成本核算表!C:C=G19),0))} -> 12 | I19: 337 | J19: =H19*I19 -> 4044 | K19: 6 | M19: =K19*H19 -> 72 | N19: =J19-M19+L19 -> 3972 | O19: =N19/3600 -> 1.1033333
A20: 46094 | B20: 11 | C20: =SUM(O20:O22)/B20 -> 1.0977273 | D20: 25090907-01 | E20: 113-80 | F20: 1942 | G20: 沉孔 | H20: {=INDEX(成本核算表!J:J,MATCH(1,(成本核算表!D:D=E20)*(成本核算表!C:C=G20),0))} -> 35 | I20: 150 | J20: =H20*I20 -> 5250 | L20: 3600 | N20: =J20-M20+L20 -> 8850 | O20: =N20/3600 -> 2.4583333
A21: 46094 | D21: 25090907-02 | E21: 113-80 | F21: 1942 | G21: 沉孔 | H21: {=INDEX(成本核算表!J:J,MATCH(1,(成本核算表!D:D=E21)*(成本核算表!C:C=G21),0))} -> 35 | I21: 804 | J21: =H21*I21 -> 28140 | N21: =J21-M21+L21 -> 28140 | O21: =N21/3600 -> 7.8166667
A22: 46094 | D22: 26022504-04 | E22: 213-553 | F22: 1960 | G22: CNC | H22: {=INDEX(成本核算表!J:J,MATCH(1,(成本核算表!D:D=E22)*(成本核算表!C:C=G22),0))} -> 60 | I22: 108 | J22: =H22*I22 -> 6480 | N22: =J22-M22+L22 -> 6480 | O22: =N22/3600 -> 1.8
A23: 46095 | B23: 11 | C23: =SUM(O23:O25)/B23 -> 1.0011364 | D23: 25090907-01 | E23: 113-80 | F23: 1942 | G23: 去毛刺 | H23: {=INDEX(成本核算表!J:J,MATCH(1,(成本核算表!D:D=E23)*(成本核算表!C:C=G23),0))} -> 30 | I23: =1487/2 -> 743.5 | J23: =H23*I23 -> 22305 | N23: =J23-M23+L23 -> 22305 | O23: =N23/3600 -> 6.1958333
A24: 46095 | D24: 25090907-02 | E24: 113-80 | F24: 1942 | G24: 去毛刺 | H24: {=INDEX(成本核算表!J:J,MATCH(1,(成本核算表!D:D=E24)*(成本核算表!C:C=G24),0))} -> 30 | I24: =318 -> 318 | J24: =H24*I24 -> 9540 | N24: =J24-M24+L24 -> 9540 | O24: =N24/3600 -> 2.65
A25: 46095 | D25: 26020502-03 | E25: 105-331 | F25: 119.5 | G25: 沉孔 | H25: {=INDEX(成本核算表!J:J,MATCH(1,(成本核算表!D:D=E25)*(成本核算表!C:C=G25),0))} -> 12 | I25: 650 | J25: =H25*I25 -> 7800 | N25: =J25-M25+L25 -> 7800 | O25: =N25/3600 -> 2.1666667
A26: 46096 | B26: 12 | C26: =SUM(O26)/B26 -> 1.0416667 | D26: 26030101-02 | E26: 196-114 | F26: 2296.8 | G26: CNC | H26: {=INDEX(成本核算表!J:J,MATCH(1,(成本核算表!D:D=E26)*(成本核算表!C:C=G26),0))} -> 600 | I26: 75 | J26: =H26*I26 -> 45000 | N26: =J26-M26+L26 -> 45000 | O26: =N26/3600 -> 12.5
A27: 46097 | B27: 12 | C27: =SUM(O27)/B27 -> 1.0416667 | D27: 26030101-02 | E27: 196-114 | F27: 2296.8 | G27: CNC | H27: {=INDEX(成本核算表!J:J,MATCH(1,(成本核算表!D:D=E27)*(成本核算表!C:C=G27),0))} -> 600 | I27: 75 | J27: =H27*I27 -> 45000 | N27: =J27-M27+L27 -> 45000 | O27: =N27/3600 -> 12.5
A28: 46098 | B28: 12 | C28: =SUM(O28:O31)/B28 -> 0.94444444 | D28: 26030101-02 | E28: 196-114 | F28: 2296.8 | G28: CNC | H28: {=INDEX(成本核算表!J:J,MATCH(1,(成本核算表!D:D=E28)*(成本核算表!C:C=G28),0))} -> 600 | I28: 26 | J28: =H28*I28 -> 15600 | N28: =J28-M28+L28 -> 15600 | O28: =N28/3600 -> 4.3333333
A29: 46098 | D29: 26020502-03 | E29: 105-331 | F29: 119.5 | G29: 沉孔 | H29: {=INDEX(成本核算表!J:J,MATCH(1,(成本核算表!D:D=E29)*(成本核算表!C:C=G29),0))} -> 12 | I29: 1130 | J29: =H29*I29 -> 13560 | L29: 9000 | N29: =J29-M29+L29 -> 22560 | O29: =N29/3600 -> 6.2666667 | Q29: 多岗
A30: 46098 | E30: 269-373 | F30: 133 | G30: 沉孔 | H30: {=INDEX(成本核算表!J:J,MATCH(1,(成本核算表!D:D=E30)*(成本核算表!C:C=G30),0))} -> 30 | I30: 44 | J30: =H30*I30 -> 1320 | N30: =J30-M30+L30 -> 1320 | O30: =N30/3600 -> 0.36666667
A31: 46098 | E31: 269-373 | F31: 133 | G31: 打孔2 | H31: {=INDEX(成本核算表!J:J,MATCH(1,(成本核算表!D:D=E31)*(成本核算表!C:C=G31),0))} -> 30 | I31: 44 | J31: =H31*I31 -> 1320 | N31: =J31-M31+L31 -> 1320 | O31: =N31/3600 -> 0.36666667
A32: 46099 | B32: 12 | C32: =SUM(O32:O33)/B32 -> 1.0185185 | D32: 26020502-01 | E32: 105-330 | F32: 260 | G32: CNC1 | H32: {=INDEX(成本核算表!J:J,MATCH(1,(成本核算表!D:D=E32)*(成本核算表!C:C=G32),0))} -> 50 | I32: 400 | J32: =H32*I32 -> 20000 | N32: =J32-M32+L32 -> 20000 | O32: =N32/3600 -> 5.5555556
A33: 46099 | D33: 26020502-01 | E33: 105-330 | F33: 260 | G33: CNC2 | H33: {=INDEX(成本核算表!J:J,MATCH(1,(成本核算表!D:D=E33)*(成本核算表!C:C=G33),0))} -> 60 | I33: 400 | J33: =H33*I33 -> 24000 | N33: =J33-M33+L33 -> 24000 | O33: =N33/3600 -> 6.6666667
A34: 46100 | B34: 12 | C34: =SUM(O34)/B34 -> 1 | D34: 26030903-01 | E34: 222-148*2400 | F34: 2400 | G34: CNC | H34: {=INDEX(成本核算表!J:J,MATCH(1,(成本核算表!D:D=E34)*(成本核算表!C:C=G34),0))} -> 240 | I34: 180 | J34: =H34*I34 -> 43200 | N34: =J34-M34+L34 -> 43200 | O34: =N34/3600 -> 12
A35: 46101 | B35: 12 | C35: =SUM(O35)/B35 -> 1.0081019 | D35: 26031205-01 | E35: 196-110*1447 | F35: 1447 | G35: CNC | H35: {=INDEX(成本核算表!J:J,MATCH(1,(成本核算表!D:D=E35)*(成本核算表!C:C=G35),0))} -> 335 | I35: 130 | J35: =H35*I35 -> 43550 | N35: =J35-M35+L35 -> 43550 | O35: =N35/3600 -> 12.097222
H36: {=INDEX(成本核算表!J:J,MATCH(1,(成本核算表!D:D=E36)*(成本核算表!C:C=G36),0))} -> 0 | J36: =H36*I36 -> 0 | N36: =J36-M36+L36 -> 0 | O36: =N36/3600 -> 0
H37: {=INDEX(成本核算表!J:J,MATCH(1,(成本核算表!D:D=E37)*(成本核算表!C:C=G37),0))} -> 0 | J37: =H37*I37 -> 0 | N37: =J37-M37+L37 -> 0 | O37: =N37/3600 -> 0
H38: {=INDEX(成本核算表!J:J,MATCH(1,(成本核算表!D:D=E38)*(成本核算表!C:C=G38),0))} -> 0 | J38: =H38*I38 -> 0 | N38: =J38-M38+L38 -> 0 | O38: =N38/3600 -> 0
H39: {=INDEX(成本核算表!J:J,MATCH(1,(成本核算表!D:D=E39)*(成本核算表!C:C=G39),0))} -> 0 | J39: =H39*I39 -> 0 | N39: =J39-M39+L39 -> 0 | O39: =N39/3600 -> 0
H40: {=INDEX(成本核算表!J:J,MATCH(1,(成本核算表!D:D=E40)*(成本核算表!C:C=G40),0))} -> 0 | J40: =H40*I40 -> 0 | N40: =J40-M40+L40 -> 0 | O40: =N40/3600 -> 0
H41: {=INDEX(成本核算表!J:J,MATCH(1,(成本核算表!D:D=E41)*(成本核算表!C:C=G41),0))} -> 0 | J41: =H41*I41 -> 0 | N41: =J41-M41+L41 -> 0 | O41: =N41/3600 -> 0
H42: {=INDEX(成本核算表!J:J,MATCH(1,(成本核算表!D:D=E42)*(成本核算表!C:C=G42),0))} -> 0 | J42: =H42*I42 -> 0 | N42: =J42-M42+L42 -> 0 | O42: =N42/3600 -> 0
H43: {=INDEX(成本核算表!J:J,MATCH(1,(成本核算表!D:D=E43)*(成本核算表!C:C=G43),0))} -> 0 | J43: =H43*I43 -> 0 | N43: =J43-M43+L43 -> 0 | O43: =N43/3600 -> 0
H44: {=INDEX(成本核算表!J:J,MATCH(1,(成本核算表!D:D=E44)*(成本核算表!C:C=G44),0))} -> 0 | J44: =H44*I44 -> 0 | N44: =J44-M44+L44 -> 0 | O44: =N44/3600 -> 0
H45: {=INDEX(成本核算表!J:J,MATCH(1,(成本核算表!D:D=E45)*(成本核算表!C:C=G45),0))} -> 0 | J45: =H45*I45 -> 0 | N45: =J45-M45+L45 -> 0 | O45: =N45/3600 -> 0
H46: {=INDEX(成本核算表!J:J,MATCH(1,(成本核算表!D:D=E46)*(成本核算表!C:C=G46),0))} -> 0 | J46: =H46*I46 -> 0 | N46: =J46-M46+L46 -> 0 | O46: =N46/3600 -> 0
H47: {=INDEX(成本核算表!J:J,MATCH(1,(成本核算表!D:D=E47)*(成本核算表!C:C=G47),0))} -> 0 | J47: =H47*I47 -> 0 | N47: =J47-M47+L47 -> 0 | O47: =N47/3600 -> 0
... H102: {=INDEX(成本核算表!J:J,MATCH(1,(成本核算表!D:D=E102)*(成本核算表!C:C=G102),0))} -> 0 | J102: =H102*I102 -> 0 | N102: =J102-M102+L102 -> 0 | O102: =N102/3600 -> 0

Sheet 徐小花
A1: 日期 | B1: 出勤工时 | C1: 工时效率 | D1: 项目号 | E1: 产品型号 | F1: 长度（mm） | G1: 工序 | H1: 单件标准工时（S/支） | I1: 合格产量（支数） | J1: 合格工时（S） | K1: 个人不良产量（支数） | L1: 加分项 | M1: 减分项 | N1: 考核合计工时（秒） | O1: 合计（小时） | P1: 说明 | Q1: 备注
A2: 46082 | B2: 12 | C2: =O2/B2 -> 0.96296296 | D2: 25062804-02 | E2: 113-54 | F2: 138.8 | G2: CNC | H2: {=INDEX(成本核算表!J:J,MATCH(1,(成本核算表!D:D=E2)*(成本核算表!C:C=G2),0))} -> 160 | I2: 260 | J2: =H2*I2 -> 41600 | N2: =J2-M2+L2 -> 41600 | O2: =N2/3600 -> 11.555556
A3: 46083 | B3: 12 | C3: =O3/B3 -> 0.96296296 | D3: 25062804-02 | E3: 113-54 | F3: 138.8 | G3: CNC | H3: {=INDEX(成本核算表!J:J,MATCH(1,(成本核算表!D:D=E3)*(成本核算表!C:C=G3),0))} -> 160 | I3: 260 | J3: =H3*I3 -> 41600 | N3: =J3-M3+L3 -> 41600 | O3: =N3/3600 -> 11.555556
A4: 46084 | B4: 12 | C4: =O4/B4 -> 0.96296296 | D4: 25062804-02 | E4: 113-54 | F4: 138.8 | G4: CNC | H4: {=INDEX(成本核算表!J:J,MATCH(1,(成本核算表!D:D=E4)*(成本核算表!C:C=G4),0))} -> 160 | I4: 260 | J4: =H4*I4 -> 41600 | N4: =J4-M4+L4 -> 41600 | O4: =N4/3600 -> 11.555556
A5: 46085 | B5: 12 | C5: =O5/B5 -> 0.8962963 | D5: 25062804-02 | E5: 113-54 | F5: 138.8 | G5: CNC | H5: {=INDEX(成本核算表!J:J,MATCH(1,(成本核算表!D:D=E5)*(成本核算表!C:C=G5),0))} -> 160 | I5: =726/3 -> 242 | J5: =H5*I5 -> 38720 | N5: =J5-M5+L5 -> 38720 | O5: =N5/3600 -> 10.755556
A6: 46086 | B6: 12 | C6: {=SUM(O6:O9/B6)} -> 0.98657407 | E6: 113-54 | F6: 138.8 | G6: CNC | H6: {=INDEX(成本核算表!J:J,MATCH(1,(成本核算表!D:D=E6)*(成本核算表!C:C=G6),0))} -> 160 | I6: 260 | J6: =H6*I6 -> 41600 | N6: =J6-M6+L6 -> 41600 | O6: =N6/3600 -> 11.555556
A7: 46086 | D7: 26030401-01 | E7: 269-373 | F7: 162 | G7: CNC | H7: {=INDEX(成本核算表!J:J,MATCH(1,(成本核算表!D:D=E7)*(成本核算表!C:C=G7),0))} -> 40 | I7: 11 | J7: =H7*I7 -> 440 | K7: 2 | M7: =K7*H7 -> 80 | N7: =J7-M7+L7 -> 360 | O7: =N7/3600 -> 0.1
A8: 46086 | D8: 26030401-01 | E8: 269-373 | F8: 162 | G8: 打孔2 | H8: {=INDEX(成本核算表!J:J,MATCH(1,(成本核算表!D:D=E8)*(成本核算表!C:C=G8),0))} -> 30 | I8: 11 | J8: =H8*I8 -> 330 | N8: =J8-M8+L8 -> 330 | O8: =N8/3600 -> 0.091666667
A9: 46086 | D9: 26030401-01 | E9: 269-373 | F9: 162 | G9: 沉孔 | H9: {=INDEX(成本核算表!J:J,MATCH(1,(成本核算表!D:D=E9)*(成本核算表!C:C=G9),0))} -> 30 | I9: 11 | J9: =H9*I9 -> 330 | N9: =J9-M9+L9 -> 330 | O9: =N9/3600 -> 0.091666667
A10: 46087 | B10: 12 | C10: =SUM(O10:O12)/B10 -> 1.0782407 | E10: 113-54 | F10: 138.8 | G10: CNC | H10: {=INDEX(成本核算表!J:J,MATCH(1,(成本核算表!D:D=E10)*(成本核算表!C:C=G10),0))} -> 160 | I10: 210 | J10: =H10*I10 -> 33600 | N10: =J10-M10+L10 -> 33600 | O10: =N10/3600 -> 9.3333333
A11: 46087 | E11: 03-02 | F11: 171.5 | G11: CNC2 | H11: {=INDEX(成本核算表!J:J,MATCH(1,(成本核算表!D:D=E11)*(成本核算表!C:C=G11),0))} -> 180 | I11: 41 | J11: =H11*I11 -> 7380 | N11: =J11-M11+L11 -> 7380 | O11: =N11/3600 -> 2.05
A12: 46087 | E12: 03-03 | F12: 171.5 | G12: CNC2 | H12: {=INDEX(成本核算表!J:J,MATCH(1,(成本核算表!D:D=E12)*(成本核算表!C:C=G12),0))} -> 160 | I12: 39 | J12: =H12*I12 -> 6240 | K12: 4 | M12: =K12*H12 -> 640 | N12: =J12-M12+L12 -> 5600 | O12: =N12/3600 -> 1.5555556
A13: 46088 | B13: 12 | C13: {=SUM(O13:O14/B13)} -> 0.96296296 | E13: 113-54 | F13: 138.8 | G13: CNC | H13: {=INDEX(成本核算表!J:J,MATCH(1,(成本核算表!D:D=E13)*(成本核算表!C:C=G13),0))} -> 160 | I13: 260 | J13: =H13*I13 -> 41600 | N13: =J13-M13+L13 -> 41600 | O13: =N13/3600 -> 11.555556
H14: {=INDEX(成本核算表!J:J,MATCH(1,(成本核算表!D:D=E14)*(成本核算表!C:C=G14),0))} -> 0 | J14: =H14*I14 -> 0 | N14: =J14-M14+L14 -> 0 | O14: =N14/3600 -> 0
A15: 46090 | B15: 11 | C15: =SUM(O15/B15) -> 1.0505051 | E15: 113-54 | F15: 138.8 | G15: CNC | H15: {=INDEX(成本核算表!J:J,MATCH(1,(成本核算表!D:D=E15)*(成本核算表!C:C=G15),0))} -> 160 | I15: 260 | J15: =H15*I15 -> 41600 | N15: =J15-M15+L15 -> 41600 | O15: =N15/3600 -> 11.555556
A16: 46091 | B16: 11 | C16: {=SUM(O16:O17/B16)} -> 1.1186869 | E16: 113-54 | F16: 138.8 | G16: CNC | H16: {=INDEX(成本核算表!J:J,MATCH(1,(成本核算表!D:D=E16)*(成本核算表!C:C=G16),0))} -> 160 | I16: 110 | J16: =H16*I16 -> 17600 | N16: =J16-M16+L16 -> 17600 | O16: =N16/3600 -> 4.8888889
A17: 46091 | D17: 26022504-04 | E17: 213-553 | F17: 1960 | G17: CNC | H17: {=INDEX(成本核算表!J:J,MATCH(1,(成本核算表!D:D=E17)*(成本核算表!C:C=G17),0))} -> 60 | I17: 455 | J17: =H17*I17 -> 27300 | K17: 10 | M17: =K17*H17 -> 600 | N17: =J17-M17+L17 -> 26700 | O17: =N17/3600 -> 7.4166667
A18: 46092 | B18: 11 | C18: {=SUM(O18:O19/B18)} -> 1.1506313 | D18: 25090907-01 | E18: 113-80 | F18: 1942 | G18: CNC | H18: {=INDEX(成本核算表!J:J,MATCH(1,(成本核算表!D:D=E18)*(成本核算表!C:C=G18),0))} -> 65 | I18: 296 | J18: =H18*I18 -> 19240 | N18: =J18-M18+L18 -> 19240 | O18: =N18/3600 -> 5.3444444
A19: 46092 | D19: 25090907-02 | E19: 113-80 | F19: 1942 | G19: CNC | H19: {=INDEX(成本核算表!J:J,MATCH(1,(成本核算表!D:D=E19)*(成本核算表!C:C=G19),0))} -> 65 | I19: 405 | J19: =H19*I19 -> 26325 | N19: =J19-M19+L19 -> 26325 | O19: =N19/3600 -> 7.3125
A20: 46093 | B20: 11 | C20: =SUM(O20/B20) -> 1.2967172 | D20: 25090907-02 | E20: 113-80 | F20: 1942 | G20: CNC | H20: {=INDEX(成本核算表!J:J,MATCH(1,(成本核算表!D:D=E20)*(成本核算表!C:C=G20),0))} -> 65 | I20: 790 | J20: =H20*I20 -> 51350 | N20: =J20-M20+L20 -> 51350 | O20: =N20/3600 -> 14.263889
A21: 46094 | B21: 11 | C21: =SUM(O21/B21) -> 1.1780303 | D21: 25090907-01 | E21: 113-80 | F21: 1942 | G21: 去毛刺 | H21: {=INDEX(成本核算表!J:J,MATCH(1,(成本核算表!D:D=E21)*(成本核算表!C:C=G21),0))} -> 30 | I21: =1555 -> 1555 | J21: =H21*I21 -> 46650 | N21: =J21-M21+L21 -> 46650 | O21: =N21/3600 -> 12.958333
A22: 46095 | B22: 11 | C22: {=SUM(O22:O26/B22)} -> 1.0317172 | D22: 25090907-01 | E22: 113-80 | F22: 1942 | G22: 沉孔 | H22: {=INDEX(成本核算表!J:J,MATCH(1,(成本核算表!D:D=E22)*(成本核算表!C:C=G22),0))} -> 35 | I22: 36 | J22: =H22*I22 -> 1260 | K22: 56 | L22: 10800 | M22: =K22*H22 -> 1960 | N22: =J22-M22+L22 -> 10100 | O22: =N22/3600 -> 2.8055556
A23: 46095 | D23: 26030310-05 | E23: 180-260 | F23: 950 | G23: 冲缺口 | H23: {=INDEX(成本核算表!J:J,MATCH(1,(成本核算表!D:D=E23)*(成本核算表!C:C=G23),0))} -> 12 | I23: 811 | J23: =H23*I23 -> 9732 | K23: 4 | M23: =K23*H23 -> 48 | N23: =J23-M23+L23 -> 9684 | O23: =N23/3600 -> 2.69
A24: 46095 | D24: 26030309-05 | E24: 180-260 | F24: 950 | G24: 冲缺口 | H24: {=INDEX(成本核算表!J:J,MATCH(1,(成本核算表!D:D=E24)*(成本核算表!C:C=G24),0))} -> 12 | I24: 329 | J24: =H24*I24 -> 3948 | N24: =J24-M24+L24 -> 3948 | O24: =N24/3600 -> 1.0966667
A25: 46095 | D25: 26030301-01 | E25: 180-260 | F25: 950 | G25: 冲缺口 | H25: {=INDEX(成本核算表!J:J,MATCH(1,(成本核算表!D:D=E25)*(成本核算表!C:C=G25),0))} -> 12 | I25: 1200 | J25: =H25*I25 -> 14400 | N25: =J25-M25+L25 -> 14400 | O25: =N25/3600 -> 4
A26: 46095 | D26: 26030302-01 | E26: 180-260 | F26: 950 | G26: 冲缺口 | H26: {=INDEX(成本核算表!J:J,MATCH(1,(成本核算表!D:D=E26)*(成本核算表!C:C=G26),0))} -> 12 | I26: 233 | J26: =H26*I26 -> 2796 | K26: 6 | M26: =K26*H26 -> 72 | N26: =J26-M26+L26 -> 2724 | O26: =N26/3600 -> 0.75666667
A27: 46096 | B27: 12 | C27: {=SUM(O27:O30/B27)} -> 1.3793981 | D27: 26030303-01 | E27: 180-260 | F27: 950 | G27: 冲安装孔 | H27: {=INDEX(成本核算表!J:J,MATCH(1,(成本核算表!D:D=E27)*(成本核算表!C:C=G27),0))} -> 25 | I27: 1100 | J27: =H27*I27 -> 27500 | N27: =J27-M27+L27 -> 27500 | O27: =N27/3600 -> 7.6388889
A28: 46096 | D28: 26030308-01 | E28: 180-260 | F28: 950 | G28: 冲安装孔 | H28: {=INDEX(成本核算表!J:J,MATCH(1,(成本核算表!D:D=E28)*(成本核算表!C:C=G28),0))} -> 25 | I28: 640 | J28: =H28*I28 -> 16000 | N28: =J28-M28+L28 -> 16000 | O28: =N28/3600 -> 4.4444444
A29: 46096 | D29: 26030309-01 | E29: 180-260 | F29: 950 | G29: 冲安装孔 | H29: {=INDEX(成本核算表!J:J,MATCH(1,(成本核算表!D:D=E29)*(成本核算表!C:C=G29),0))} -> 25 | I29: =382+24 -> 406 | J29: =H29*I29 -> 10150 | N29: =J29-M29+L29 -> 10150 | O29: =N29/3600 -> 2.8194444
A30: 46096 | D30: 26030309-01 | E30: 180-260 | F30: 950 | G30: 冲缺口 | H30: {=INDEX(成本核算表!J:J,MATCH(1,(成本核算表!D:D=E30)*(成本核算表!C:C=G30),0))} -> 12 | I30: 495 | J30: =H30*I30 -> 5940 | N30: =J30-M30+L30 -> 5940 | O30: =N30/3600 -> 1.65
A31: 46097 | B31: 12 | C31: {=SUM(O31:O32/B31)} -> 1.0185185 | D31: 26020502-01 | E31: 105-330 | F31: 260 | G31: CNC1 | H31: {=INDEX(成本核算表!J:J,MATCH(1,(成本核算表!D:D=E31)*(成本核算表!C:C=G31),0))} -> 50 | I31: 400 | J31: =H31*I31 -> 20000 | N31: =J31-M31+L31 -> 20000 | O31: =N31/3600 -> 5.5555556
A32: 46097 | D32: 26020502-01 | E32: 105-330 | F32: 260 | G32: CNC2 | H32: {=INDEX(成本核算表!J:J,MATCH(1,(成本核算表!D:D=E32)*(成本核算表!C:C=G32),0))} -> 60 | I32: 400 | J32: =H32*I32 -> 24000 | N32: =J32-M32+L32 -> 24000 | O32: =N32/3600 -> 6.6666667
A33: 46098 | B33: 12 | C33: {=SUM(O33:O34/B33)} -> 0.99027778 | D33: 26022504-01 | E33: 213-553 | F33: 780 | G33: CNC | H33: {=INDEX(成本核算表!J:J,MATCH(1,(成本核算表!D:D=E33)*(成本核算表!C:C=G33),0))} -> 60 | I33: 473 | J33: =H33*I33 -> 28380 | N33: =J33-M33+L33 -> 28380 | O33: =N33/3600 -> 7.8833333
A34: 46098 | D34: 26022504-03 | E34: 213-553 | F34: 1960 | G34: CNC | H34: {=INDEX(成本核算表!J:J,MATCH(1,(成本核算表!D:D=E34)*(成本核算表!C:C=G34),0))} -> 60 | I34: 240 | J34: =H34*I34 -> 14400 | N34: =J34-M34+L34 -> 14400 | O34: =N34/3600 -> 4
A35: 46099 | B35: 12 | C35: {=SUM(O35:O37/B35)} -> 1.0708333 | D35: 26022504-01 | E35: 213-553 | F35: 780 | G35: CNC | H35: {=INDEX(成本核算表!J:J,MATCH(1,(成本核算表!D:D=E35)*(成本核算表!C:C=G35),0))} -> 60 | I35: 635 | J35: =H35*I35 -> 38100 | N35: =J35-M35+L35 -> 38100 | O35: =N35/3600 -> 10.583333
A36: 46099 | D36: 26022504-04 | E36: 213-553 | F36: 1960 | G36: CNC | H36: {=INDEX(成本核算表!J:J,MATCH(1,(成本核算表!D:D=E36)*(成本核算表!C:C=G36),0))} -> 60 | I36: 96 | J36: =H36*I36 -> 5760 | N36: =J36-M36+L36 -> 5760 | O36: =N36/3600 -> 1.6
A37: 46099 | D37: 26030903-01 | E37: 222-148*2400 | F37: 2400 | G37: CNC | H37: {=INDEX(成本核算表!J:J,MATCH(1,(成本核算表!D:D=E37)*(成本核算表!C:C=G37),0))} -> 240 | I37: 10 | J37: =H37*I37 -> 2400 | N37: =J37-M37+L37 -> 2400 | O37: =N37/3600 -> 0.66666667
A38: 46100 | B38: 12 | C38: {=SUM(O38:O39/B38)} -> 1.025 | D38: 25062804-02 | E38: 113-54 | F38: 138.8 | G38: CNC | H38: {=INDEX(成本核算表!J:J,MATCH(1,(成本核算表!D:D=E38)*(成本核算表!C:C=G38),0))} -> 160 | I38: 190 | J38: =H38*I38 -> 30400 | K38: 4 | M38: =K38*H38 -> 640 | N38: =J38-M38+L38 -> 29760 | O38: =N38/3600 -> 8.2666667
A39: 46100 | D39: 25062804-02 | E39: 113-54 | F39: 138.8 | G39: 抛光 | H39: 60 | I39: 242 | J39: =H39*I39 -> 14520 | N39: =J39-M39+L39 -> 14520 | O39: =N39/3600 -> 4.0333333
A40: 46101 | B40: 12 | C40: {=SUM(O40:O41/B40)} -> 0.97361111 | D40: 26031301-03 | E40: 213-553 | F40: 1960 | G40: CNC | H40: {=INDEX(成本核算表!J:J,MATCH(1,(成本核算表!D:D=E40)*(成本核算表!C:C=G40),0))} -> 60 | I40: 410 | J40: =H40*I40 -> 24600 | K40: 6 | M40: =K40*H40 -> 360 | N40: =J40-M40+L40 -> 24240 | O40: =N40/3600 -> 6.7333333
A41: 46101 | D41: 26031301-04 | E41: 213-553 | F41: 1960 | G41: CNC | H41: {=INDEX(成本核算表!J:J,MATCH(1,(成本核算表!D:D=E41)*(成本核算表!C:C=G41),0))} -> 60 | I41: 297 | J41: =H41*I41 -> 17820 | N41: =J41-M41+L41 -> 17820 | O41: =N41/3600 -> 4.95
H42: {=INDEX(成本核算表!J:J,MATCH(1,(成本核算表!D:D=E42)*(成本核算表!C:C=G42),0))} -> 0 | J42: =H42*I42 -> 0 | N42: =J42-M42+L42 -> 0 | O42: =N42/3600 -> 0
H43: {=INDEX(成本核算表!J:J,MATCH(1,(成本核算表!D:D=E43)*(成本核算表!C:C=G43),0))} -> 0 | J43: =H43*I43 -> 0 | N43: =J43-M43+L43 -> 0 | O43: =N43/3600 -> 0
H44: {=INDEX(成本核算表!J:J,MATCH(1,(成本核算表!D:D=E44)*(成本核算表!C:C=G44),0))} -> 0 | J44: =H44*I44 -> 0 | N44: =J44-M44+L44 -> 0 | O44: =N44/3600 -> 0
H45: {=INDEX(成本核算表!J:J,MATCH(1,(成本核算表!D:D=E45)*(成本核算表!C:C=G45),0))} -> 0 | J45: =H45*I45 -> 0 | N45: =J45-M45+L45 -> 0 | O45: =N45/3600 -> 0
H46: {=INDEX(成本核算表!J:J,MATCH(1,(成本核算表!D:D=E46)*(成本核算表!C:C=G46),0))} -> 0 | J46: =H46*I46 -> 0 | N46: =J46-M46+L46 -> 0 | O46: =N46/3600 -> 0
H47: {=INDEX(成本核算表!J:J,MATCH(1,(成本核算表!D:D=E47)*(成本核算表!C:C=G47),0))} -> 0 | J47: =H47*I47 -> 0 | N47: =J47-M47+L47 -> 0 | O47: =N47/3600 -> 0
H48: {=INDEX(成本核算表!J:J,MATCH(1,(成本核算表!D:D=E48)*(成本核算表!C:C=G48),0))} -> 0 | J48: =H48*I48 -> 0 | N48: =J48-M48+L48 -> 0 | O48: =N48/3600 -> 0
H49: {=INDEX(成本核算表!J:J,MATCH(1,(成本核算表!D:D=E49)*(成本核算表!C:C=G49),0))} -> 0 | J49: =H49*I49 -> 0 | N49: =J49-M49+L49 -> 0 | O49: =N49/3600 -> 0
H50: {=INDEX(成本核算表!J:J,MATCH(1,(成本核算表!D:D=E50)*(成本核算表!C:C=G50),0))} -> 0 | J50: =H50*I50 -> 0 | N50: =J50-M50+L50 -> 0 | O50: =N50/3600 -> 0
H51: {=INDEX(成本核算表!J:J,MATCH(1,(成本核算表!D:D=E51)*(成本核算表!C:C=G51),0))} -> 0 | J51: =H51*I51 -> 0 | N51: =J51-M51+L51 -> 0 | O51: =N51/3600 -> 0
H52: {=INDEX(成本核算表!J:J,MATCH(1,(成本核算表!D:D=E52)*(成本核算表!C:C=G52),0))} -> 0 | J52: =H52*I52 -> 0 | N52: =J52-M52+L52 -> 0 | O52: =N52/3600 -> 0
H53: {=INDEX(成本核算表!J:J,MATCH(1,(成本核算表!D:D=E53)*(成本核算表!C:C=G53),0))} -> 0 | J53: =H53*I53 -> 0 | N53: =J53-M53+L53 -> 0 | O53: =N53/3600 -> 0
... H101: {=INDEX(成本核算表!J:J,MATCH(1,(成本核算表!D:D=E101)*(成本核算表!C:C=G101),0))} -> 0 | J101: =H101*I101 -> 0 | N101: =J101-M101+L101 -> 0 | O101: =N101/3600 -> 0

Sheet 黄玉春
A1: 日期 | B1: 出勤工时 | C1: 工时效率 | D1: 项目号 | E1: 产品型号 | F1: 长度（mm） | G1: 工序 | H1: 单件标准工时（S/支） | I1: 合格产量（支数） | J1: 合格工时（S） | K1: 个人不良产量（支数） | L1: 加分项 | M1: 减分项 | N1: 考核合计工时（秒） | O1: 合计（小时） | P1: 说明 | Q1: 备注
A9: 46089 | B9: 9 | C9: =SUM(O9:O10)/B9 -> 1.0617284 | D9: 26010604-16 | E9: 213-261 | F9: 658.6 | G9: 冲孔1 | H9: {=INDEX(成本核算表!J:J,MATCH(1,(成本核算表!D:D=E9)*(成本核算表!C:C=G9),0))} -> 25 | I9: 856 | J9: =H9*I9 -> 21400 | N9: =J9-M9+L9 -> 21400 | O9: =N9/3600 -> 5.9444444
A10: 46089 | D10: 26010604-14 | E10: 213-261 | F10: 658.6 | G10: 冲孔1 | H10: {=INDEX(成本核算表!J:J,MATCH(1,(成本核算表!D:D=E10)*(成本核算表!C:C=G10),0))} -> 25 | I10: 520 | J10: =H10*I10 -> 13000 | N10: =J10-M10+L10 -> 13000 | O10: =N10/3600 -> 3.6111111
A11: 46090 | B11: 11 | C11: =SUM(O11:O14)/B11 -> 1.2032828 | D11: 26010604-16 | E11: 213-261 | F11: 658.6 | G11: 冲孔1 | H11: {=INDEX(成本核算表!J:J,MATCH(1,(成本核算表!D:D=E11)*(成本核算表!C:C=G11),0))} -> 25 | I11: 819 | J11: =H11*I11 -> 20475 | N11: =J11-M11+L11 -> 20475 | O11: =N11/3600 -> 5.6875
A12: 46090 | D12: 25121004-13 | E12: 213-261 | F12: 658.6 | G12: 冲孔1 | H12: {=INDEX(成本核算表!J:J,MATCH(1,(成本核算表!D:D=E12)*(成本核算表!C:C=G12),0))} -> 25 | I12: 95 | J12: =H12*I12 -> 2375 | N12: =J12-M12+L12 -> 2375 | O12: =N12/3600 -> 0.65972222
A13: 46090 | D13: 26010604-16 | E13: 213-261 | F13: 658.6 | G13: 冲孔2 | H13: {=INDEX(成本核算表!J:J,MATCH(1,(成本核算表!D:D=E13)*(成本核算表!C:C=G13),0))} -> 25 | I13: 724 | J13: =H13*I13 -> 18100 | N13: =J13-M13+L13 -> 18100 | O13: =N13/3600 -> 5.0277778
A14: 46090 | D14: 25121004-13 | E14: 213-261 | F14: 658.6 | G14: 冲孔2 | H14: {=INDEX(成本核算表!J:J,MATCH(1,(成本核算表!D:D=E14)*(成本核算表!C:C=G14),0))} -> 25 | I14: 268 | J14: =H14*I14 -> 6700 | N14: =J14-M14+L14 -> 6700 | O14: =N14/3600 -> 1.8611111
A15: 46091 | B15: 11 | C15: =SUM(O15)/B15 -> 1.3705808 | D15: 26010604-16 | E15: 213-261 | F15: 658.6 | G15: 冲孔2 | H15: {=INDEX(成本核算表!J:J,MATCH(1,(成本核算表!D:D=E15)*(成本核算表!C:C=G15),0))} -> 25 | I15: =927+1244 -> 2171 | J15: =H15*I15 -> 54275 | N15: =J15-M15+L15 -> 54275 | O15: =N15/3600 -> 15.076389
A16: 46092 | B16: 11 | C16: =SUM(O16:O20)/B16 -> 1.1609848 | D16: 25121005-09 | E16: 213-261 | F16: 658.6 | G16: 冲孔2 | H16: {=INDEX(成本核算表!J:J,MATCH(1,(成本核算表!D:D=E16)*(成本核算表!C:C=G16),0))} -> 25 | I16: 768 | J16: =H16*I16 -> 19200 | K16: 30 | M16: =K16*H16 -> 750 | N16: =J16-M16+L16 -> 18450 | O16: =N16/3600 -> 5.125
A17: 46092 | D17: 25121004-05 | E17: 213-261 | F17: 658.6 | G17: 冲孔2 | H17: {=INDEX(成本核算表!J:J,MATCH(1,(成本核算表!D:D=E17)*(成本核算表!C:C=G17),0))} -> 25 | I17: 97 | J17: =H17*I17 -> 2425 | N17: =J17-M17+L17 -> 2425 | O17: =N17/3600 -> 0.67361111
A18: 46092 | D18: 26022504-04 | E18: 213-553 | F18: 1960 | G18: 冲牙齿 | H18: {=INDEX(成本核算表!J:J,MATCH(1,(成本核算表!D:D=E18)*(成本核算表!C:C=G18),0))} -> 25 | I18: 65 | J18: =H18*I18 -> 1625 | K18: 2 | M18: =K18*H18 -> 50 | N18: =J18-M18+L18 -> 1575 | O18: =N18/3600 -> 0.4375
A19: 46092 | D19: 26022504-03 | E19: 213-553 | F19: 1960 | G19: 冲牙齿 | H19: {=INDEX(成本核算表!J:J,MATCH(1,(成本核算表!D:D=E19)*(成本核算表!C:C=G19),0))} -> 25 | I19: 277 | J19: =H19*I19 -> 6925 | N19: =J19-M19+L19 -> 6925 | O19: =N19/3600 -> 1.9236111
A20: 46092 | D20: 26022504-02 | E20: 213-553 | F20: 780 | G20: 冲牙齿 | H20: {=INDEX(成本核算表!J:J,MATCH(1,(成本核算表!D:D=E20)*(成本核算表!C:C=G20),0))} -> 25 | I20: 664 | J20: =H20*I20 -> 16600 | N20: =J20-M20+L20 -> 16600 | O20: =N20/3600 -> 4.6111111
A21: 46093 | B21: 11 | C21: =SUM(O21:O26)/B21 -> 1.0795455 | D21: 26022504-01 | E21: 213-553 | F21: 780 | G21: 冲牙齿 | H21: {=INDEX(成本核算表!J:J,MATCH(1,(成本核算表!D:D=E21)*(成本核算表!C:C=G21),0))} -> 25 | I21: 652 | J21: =H21*I21 -> 16300 | N21: =J21-M21+L21 -> 16300 | O21: =N21/3600 -> 4.5277778
A22: 46093 | D22: 26022504-02 | E22: 213-553 | F22: 780 | G22: 冲牙齿 | H22: {=INDEX(成本核算表!J:J,MATCH(1,(成本核算表!D:D=E22)*(成本核算表!C:C=G22),0))} -> 25 | I22: 196 | J22: =H22*I22 -> 4900 | N22: =J22-M22+L22 -> 4900 | O22: =N22/3600 -> 1.3611111
A23: 46093 | D23: 26022504-04 | E23: 213-553 | F23: 1960 | G23: 冲牙齿 | H23: {=INDEX(成本核算表!J:J,MATCH(1,(成本核算表!D:D=E23)*(成本核算表!C:C=G23),0))} -> 25 | I23: 222 | J23: =H23*I23 -> 5550 | N23: =J23-M23+L23 -> 5550 | O23: =N23/3600 -> 1.5416667
A24: 46093 | D24: 26022504-03 | E24: 213-553 | F24: 1960 | G24: 冲牙齿 | H24: {=INDEX(成本核算表!J:J,MATCH(1,(成本核算表!D:D=E24)*(成本核算表!C:C=G24),0))} -> 25 | I24: 343 | J24: =H24*I24 -> 8575 | N24: =J24-M24+L24 -> 8575 | O24: =N24/3600 -> 2.3819444
A25: 46093 | D25: 26022504-04 | E25: 213-553 | F25: 1960 | G25: 冲葫芦孔 | H25: {=INDEX(成本核算表!J:J,MATCH(1,(成本核算表!D:D=E25)*(成本核算表!C:C=G25),0))} -> 15 | I25: 169 | J25: =H25*I25 -> 2535 | N25: =J25-M25+L25 -> 2535 | O25: =N25/3600 -> 0.70416667
A26: 46093 | D26: 26022504-03 | E26: 213-553 | F26: 1960 | G26: 冲葫芦孔 | H26: {=INDEX(成本核算表!J:J,MATCH(1,(成本核算表!D:D=E26)*(成本核算表!C:C=G26),0))} -> 15 | I26: 326 | J26: =H26*I26 -> 4890 | N26: =J26-M26+L26 -> 4890 | O26: =N26/3600 -> 1.3583333
A27: 46094 | B27: 11 | C27: =SUM(O27:O29)/B27 -> 1.0385101 | D27: 25090907-02 | E27: 113-80 | F27: 1942 | G27: 冲头孔 | H27: {=INDEX(成本核算表!J:J,MATCH(1,(成本核算表!D:D=E27)*(成本核算表!C:C=G27),0))} -> 25 | I27: 434 | J27: =H27*I27 -> 10850 | N27: =J27-M27+L27 -> 10850 | O27: =N27/3600 -> 3.0138889
A28: 46094 | D28: 26022504-04 | E28: 213-553 | F28: 1960 | G28: 冲牙齿 | H28: {=INDEX(成本核算表!J:J,MATCH(1,(成本核算表!D:D=E28)*(成本核算表!C:C=G28),0))} -> 25 | I28: 718 | J28: =H28*I28 -> 17950 | N28: =J28-M28+L28 -> 17950 | O28: =N28/3600 -> 4.9861111
A29: 46094 | D29: 26022504-03 | E29: 213-553 | F29: 1960 | G29: 冲牙齿 | H29: {=INDEX(成本核算表!J:J,MATCH(1,(成本核算表!D:D=E29)*(成本核算表!C:C=G29),0))} -> 25 | I29: 493 | J29: =H29*I29 -> 12325 | N29: =J29-M29+L29 -> 12325 | O29: =N29/3600 -> 3.4236111
A30: 46095 | B30: 11 | C30: =SUM(O30:O36)/B30 -> 1.0133838 | D30: 25090907-01 | E30: 113-80 | F30: 1942 | G30: 冲头孔 | H30: {=INDEX(成本核算表!J:J,MATCH(1,(成本核算表!D:D=E30)*(成本核算表!C:C=G30),0))} -> 25 | I30: 346 | J30: =H30*I30 -> 8650 | N30: =J30-M30+L30 -> 8650 | O30: =N30/3600 -> 2.4027778
A31: 46095 | D31: 26022504-01 | E31: 213-553 | F31: 780 | G31: 冲牙齿 | H31: {=INDEX(成本核算表!J:J,MATCH(1,(成本核算表!D:D=E31)*(成本核算表!C:C=G31),0))} -> 25 | I31: 274 | J31: =H31*I31 -> 6850 | N31: =J31-M31+L31 -> 6850 | O31: =N31/3600 -> 1.9027778
A32: 46095 | D32: 26022504-02 | E32: 213-553 | F32: 780 | G32: 冲牙齿 | H32: {=INDEX(成本核算表!J:J,MATCH(1,(成本核算表!D:D=E32)*(成本核算表!C:C=G32),0))} -> 25 | I32: 274 | J32: =H32*I32 -> 6850 | N32: =J32-M32+L32 -> 6850 | O32: =N32/3600 -> 1.9027778
A33: 46095 | D33: 26022504-04 | E33: 213-553 | F33: 1960 | G33: 冲牙齿 | H33: {=INDEX(成本核算表!J:J,MATCH(1,(成本核算表!D:D=E33)*(成本核算表!C:C=G33),0))} -> 25 | I33: 221 | J33: =H33*I33 -> 5525 | N33: =J33-M33+L33 -> 5525 | O33: =N33/3600 -> 1.5347222
A34: 46095 | D34: 26022504-03 | E34: 213-553 | F34: 1960 | G34: 冲牙齿 | H34: {=INDEX(成本核算表!J:J,MATCH(1,(成本核算表!D:D=E34)*(成本核算表!C:C=G34),0))} -> 25 | I34: 312 | J34: =H34*I34 -> 7800 | N34: =J34-M34+L34 -> 7800 | O34: =N34/3600 -> 2.1666667
A35: 46095 | D35: 26022504-04 | E35: 213-553 | F35: 1960 | G35: 冲六角孔 | H35: {=INDEX(成本核算表!J:J,MATCH(1,(成本核算表!D:D=E35)*(成本核算表!C:C=G35),0))} -> 15 | I35: 100 | J35: =H35*I35 -> 1500 | N35: =J35-M35+L35 -> 1500 | O35: =N35/3600 -> 0.41666667
A36: 46095 | D36: 26022504-03 | E36: 213-553 | F36: 1960 | G36: 冲六角孔 | H36: {=INDEX(成本核算表!J:J,MATCH(1,(成本核算表!D:D=E36)*(成本核算表!C:C=G36),0))} -> 15 | I36: 199 | J36: =H36*I36 -> 2985 | K36: 2 | M36: =K36*H36 -> 30 | N36: =J36-M36+L36 -> 2955 | O36: =N36/3600 -> 0.82083333
A37: 46096 | B37: 9.5 | C37: =SUM(O37:O38)/B37 -> 1.0957602 | D37: 26012005-07 | E37: 213-251 | F37: 1784.3 | G37: 冲缺口 | H37: {=INDEX(成本核算表!J:J,MATCH(1,(成本核算表!D:D=E37)*(成本核算表!C:C=G37),0))} -> 25 | I37: 454 | J37: =H37*I37 -> 11350 | M37: =K37*H37 -> 0 | N37: =J37-M37+L37 -> 11350 | O37: =N37/3600 -> 3.1527778
A38: 46096 | D38: 26012005-07 | E38: 213-251 | F38: 1784.3 | G38: 冲边孔 | H38: {=INDEX(成本核算表!J:J,MATCH(1,(成本核算表!D:D=E38)*(成本核算表!C:C=G38),0))} -> 25 | I38: 1045 | J38: =H38*I38 -> 26125 | N38: =J38-M38+L38 -> 26125 | O38: =N38/3600 -> 7.2569444
A39: 46097 | B39: 11 | C39: =SUM(O39:O40)/B39 -> 1.1790909 | D39: 26031503-01 | E39: 105-244 | F39: 2200 | G39: 折弯 | H39: {=INDEX(成本核算表!J:J,MATCH(1,(成本核算表!D:D=E39)*(成本核算表!C:C=G39),0))} -> 18 | I39: 1230 | J39: =H39*I39 -> 22140 | N39: =J39-M39+L39 -> 22140 | O39: =N39/3600 -> 6.15
A40: 46097 | D40: 26031503-02 | E40: 105-244 | F40: 2200 | G40: 折弯 | H40: {=INDEX(成本核算表!J:J,MATCH(1,(成本核算表!D:D=E40)*(成本核算表!C:C=G40),0))} -> 18 | I40: 1364 | J40: =H40*I40 -> 24552 | N40: =J40-M40+L40 -> 24552 | O40: =N40/3600 -> 6.82
A41: 46098 | B41: 11 | C41: =SUM(O41:O45)/B41 -> 1.2536364 | D41: 26030901-01 | E41: 105-257 | F41: 2400 | G41: 折弯 | H41: {=INDEX(成本核算表!J:J,MATCH(1,(成本核算表!D:D=E41)*(成本核算表!C:C=G41),0))} -> 18 | I41: 124 | J41: =H41*I41 -> 2232 | N41: =J41-M41+L41 -> 2232 | O41: =N41/3600 -> 0.62
A42: 46098 | D42: 26030901-02 | E42: 105-257 | F42: 2400 | G42: 折弯 | H42: {=INDEX(成本核算表!J:J,MATCH(1,(成本核算表!D:D=E42)*(成本核算表!C:C=G42),0))} -> 18 | I42: 129 | J42: =H42*I42 -> 2322 | N42: =J42-M42+L42 -> 2322 | O42: =N42/3600 -> 0.645
A43: 46098 | D43: 26031503-01 | E43: 105-244 | F43: 2200 | G43: 折弯 | H43: {=INDEX(成本核算表!J:J,MATCH(1,(成本核算表!D:D=E43)*(成本核算表!C:C=G43),0))} -> 18 | I43: 800 | J43: =H43*I43 -> 14400 | N43: =J43-M43+L43 -> 14400 | O43: =N43/3600 -> 4
A44: 46098 | D44: 26031503-02 | E44: 105-244 | F44: 2200 | G44: 折弯 | H44: {=INDEX(成本核算表!J:J,MATCH(1,(成本核算表!D:D=E44)*(成本核算表!C:C=G44),0))} -> 18 | I44: 610 | J44: =H44*I44 -> 10980 | N44: =J44-M44+L44 -> 10980 | O44: =N44/3600 -> 3.05
A45: 46098 | D45: 26031603-01 | E45: 105-244 | F45: 2200 | G45: 折弯 | H45: {=INDEX(成本核算表!J:J,MATCH(1,(成本核算表!D:D=E45)*(成本核算表!C:C=G45),0))} -> 18 | I45: 1095 | J45: =H45*I45 -> 19710 | N45: =J45-M45+L45 -> 19710 | O45: =N45/3600 -> 5.475
A46: 46099 | B46: 11 | C46: =SUM(O46:O47)/B46 -> 1.1712121 | D46: 26031603-02 | E46: 105-244 | F46: 2200 | G46: 折弯 | H46: {=INDEX(成本核算表!J:J,MATCH(1,(成本核算表!D:D=E46)*(成本核算表!C:C=G46),0))} -> 18 | I46: 1900 | J46: =H46*I46 -> 34200 | N46: =J46-M46+L46 -> 34200 | O46: =N46/3600 -> 9.5
A47: 46099 | D47: 26031603-02 | E47: 105-244 | F47: 2200 | G47: 冲头孔 | H47: {=INDEX(成本核算表!J:J,MATCH(1,(成本核算表!D:D=E47)*(成本核算表!C:C=G47),0))} -> 10 | I47: 1218 | J47: =H47*I47 -> 12180 | N47: =J47-M47+L47 -> 12180 | O47: =N47/3600 -> 3.3833333
A48: 46100 | B48: 11 | C48: =SUM(O48:O49)/B48 -> 1.1195455 | D48: 26031603-01 | E48: 105-244 | F48: 2200 | G48: 折弯 | H48: {=INDEX(成本核算表!J:J,MATCH(1,(成本核算表!D:D=E48)*(成本核算表!C:C=G48),0))} -> 18 | I48: 1163 | J48: =H48*I48 -> 20934 | N48: =J48-M48+L48 -> 20934 | O48: =N48/3600 -> 5.815
A49: 46100 | D49: 26031603-02 | E49: 105-244 | F49: 2200 | G49: 折弯 | H49: {=INDEX(成本核算表!J:J,MATCH(1,(成本核算表!D:D=E49)*(成本核算表!C:C=G49),0))} -> 18 | I49: 1300 | J49: =H49*I49 -> 23400 | N49: =J49-M49+L49 -> 23400 | O49: =N49/3600 -> 6.5
A50: 46101 | B50: 11 | C50: =SUM(O50:O53)/B50 -> 1.2380808 | D50: 26031603-01 | E50: 105-244 | F50: 2200 | G50: 折弯 | H50: {=INDEX(成本核算表!J:J,MATCH(1,(成本核算表!D:D=E50)*(成本核算表!C:C=G50),0))} -> 18 | I50: 643 | J50: =H50*I50 -> 11574 | N50: =J50-M50+L50 -> 11574 | O50: =N50/3600 -> 3.215
A51: 46101 | D51: 26031805-01 | E51: 105-244 | F51: 2400 | G51: 折弯 | H51: {=INDEX(成本核算表!J:J,MATCH(1,(成本核算表!D:D=E51)*(成本核算表!C:C=G51),0))} -> 18 | I51: 900 | J51: =H51*I51 -> 16200 | N51: =J51-M51+L51 -> 16200 | O51: =N51/3600 -> 4.5
A52: 46101 | D52: 26031805-02 | E52: 105-244 | F52: 2400 | G52: 折弯 | H52: {=INDEX(成本核算表!J:J,MATCH(1,(成本核算表!D:D=E52)*(成本核算表!C:C=G52),0))} -> 18 | I52: 903 | J52: =H52*I52 -> 16254 | N52: =J52-M52+L52 -> 16254 | O52: =N52/3600 -> 4.515
A53: 46101 | D53: 26031711-08 | E53: 213-251 | F53: 1784.3 | G53: 冲边孔 | H53: {=INDEX(成本核算表!J:J,MATCH(1,(成本核算表!D:D=E53)*(成本核算表!C:C=G53),0))} -> 25 | I53: 200 | J53: =H53*I53 -> 5000 | N53: =J53-M53+L53 -> 5000 | O53: =N53/3600 -> 1.3888889
H54: {=INDEX(成本核算表!J:J,MATCH(1,(成本核算表!D:D=E54)*(成本核算表!C:C=G54),0))} -> 0 | J54: =H54*I54 -> 0 | N54: =J54-M54+L54 -> 0 | O54: =N54/3600 -> 0
H55: {=INDEX(成本核算表!J:J,MATCH(1,(成本核算表!D:D=E55)*(成本核算表!C:C=G55),0))} -> 0 | J55: =H55*I55 -> 0 | N55: =J55-M55+L55 -> 0 | O55: =N55/3600 -> 0
H56: {=INDEX(成本核算表!J:J,MATCH(1,(成本核算表!D:D=E56)*(成本核算表!C:C=G56),0))} -> 0 | J56: =H56*I56 -> 0 | N56: =J56-M56+L56 -> 0 | O56: =N56/3600 -> 0
H57: {=INDEX(成本核算表!J:J,MATCH(1,(成本核算表!D:D=E57)*(成本核算表!C:C=G57),0))} -> 0 | J57: =H57*I57 -> 0 | N57: =J57-M57+L57 -> 0 | O57: =N57/3600 -> 0
H58: {=INDEX(成本核算表!J:J,MATCH(1,(成本核算表!D:D=E58)*(成本核算表!C:C=G58),0))} -> 0 | J58: =H58*I58 -> 0 | N58: =J58-M58+L58 -> 0 | O58: =N58/3600 -> 0
H59: {=INDEX(成本核算表!J:J,MATCH(1,(成本核算表!D:D=E59)*(成本核算表!C:C=G59),0))} -> 0 | J59: =H59*I59 -> 0 | N59: =J59-M59+L59 -> 0 | O59: =N59/3600 -> 0
H60: {=INDEX(成本核算表!J:J,MATCH(1,(成本核算表!D:D=E60)*(成本核算表!C:C=G60),0))} -> 0 | J60: =H60*I60 -> 0 | N60: =J60-M60+L60 -> 0 | O60: =N60/3600 -> 0
H61: {=INDEX(成本核算表!J:J,MATCH(1,(成本核算表!D:D=E61)*(成本核算表!C:C=G61),0))} -> 0 | J61: =H61*I61 -> 0 | N61: =J61-M61+L61 -> 0 | O61: =N61/3600 -> 0
H62: {=INDEX(成本核算表!J:J,MATCH(1,(成本核算表!D:D=E62)*(成本核算表!C:C=G62),0))} -> 0 | J62: =H62*I62 -> 0 | N62: =J62-M62+L62 -> 0 | O62: =N62/3600 -> 0
H63: {=INDEX(成本核算表!J:J,MATCH(1,(成本核算表!D:D=E63)*(成本核算表!C:C=G63),0))} -> 0 | J63: =H63*I63 -> 0 | N63: =J63-M63+L63 -> 0 | O63: =N63/3600 -> 0
H64: {=INDEX(成本核算表!J:J,MATCH(1,(成本核算表!D:D=E64)*(成本核算表!C:C=G64),0))} -> 0 | J64: =H64*I64 -> 0 | N64: =J64-M64+L64 -> 0 | O64: =N64/3600 -> 0
H65: {=INDEX(成本核算表!J:J,MATCH(1,(成本核算表!D:D=E65)*(成本核算表!C:C=G65),0))} -> 0 | J65: =H65*I65 -> 0 | N65: =J65-M65+L65 -> 0 | O65: =N65/3600 -> 0
... H108: {=INDEX(成本核算表!J:J,MATCH(1,(成本核算表!D:D=E108)*(成本核算表!C:C=G108),0))} -> 0 | J108: =H108*I108 -> 0 | N108: =J108-M108+L108 -> 0 | O108: =N108/3600 -> 0

Sheet 黄玉青
A1: 日期 | B1: 出勤工时 | C1: 项目号 | D1: 产品型号 | E1: 长度（mm） | F1: 工序 | G1: 单件标准工时（S/支） | H1: 合格产量（支数） | I1: 合格工时（S） | J1: 个人不良产量（支数） | K1: 加分项 | L1: 减分项 | M1: 考核合计工时（秒） | N1: 合计（小时） | O1: 说明 | P1: 备注
I2: =G2*H2 -> 0 | M2: =I2-L2+K2 -> 0 | N2: =M2/3600 -> 0
I3: =G3*H3 -> 0 | M3: =I3-L3+K3 -> 0 | N3: =M3/3600 -> 0
I4: =G4*H4 -> 0 | M4: =I4-L4+K4 -> 0 | N4: =M4/3600 -> 0
I5: =G5*H5 -> 0 | M5: =I5-L5+K5 -> 0 | N5: =M5/3600 -> 0
I6: =G6*H6 -> 0 | M6: =I6-L6+K6 -> 0 | N6: =M6/3600 -> 0
I7: =G7*H7 -> 0 | M7: =I7-L7+K7 -> 0 | N7: =M7/3600 -> 0
I8: =G8*H8 -> 0 | M8: =I8-L8+K8 -> 0 | N8: =M8/3600 -> 0
I9: =G9*H9 -> 0 | M9: =I9-L9+K9 -> 0 | N9: =M9/3600 -> 0
I10: =G10*H10 -> 0 | M10: =I10-L10+K10 -> 0 | N10: =M10/3600 -> 0
I11: =G11*H11 -> 0 | M11: =I11-L11+K11 -> 0 | N11: =M11/3600 -> 0
I12: =G12*H12 -> 0 | M12: =I12-L12+K12 -> 0 | N12: =M12/3600 -> 0
I13: =G13*H13 -> 0 | M13: =I13-L13+K13 -> 0 | N13: =M13/3600 -> 0
... I101: =G101*H101 -> 0 | M101: =I101-L101+K101 -> 0 | N101: =M101/3600 -> 0

Sheet 杨永会
A1: 日期 | B1: 出勤工时 | C1: 工时效率 | D1: 项目号 | E1: 产品型号 | F1: 长度（mm） | G1: 工序 | H1: 单件标准工时（S/支） | I1: 合格产量（支数） | J1: 合格工时（S） | K1: 个人不良产量（支数） | L1: 加分项 | M1: 减分项 | N1: 考核合计工时（秒） | O1: 合计（小时） | P1: 说明 | Q1: 备注
A2: 46082 | B2: 9.5 | C2: =O2/B2 -> 0.89444444 | D2: 26020502-03 | E2: 105-331 | F2: 119.5 | G2: 冲切 | H2: {=INDEX(成本核算表!J:J,MATCH(1,(成本核算表!D:D=E2)*(成本核算表!C:C=G2),0))} -> 10 | I2: 3059 | J2: =H2*I2 -> 30590 | N2: =J2-M2+L2 -> 30590 | O2: =N2/3600 -> 8.4972222
A3: 46083 | B3: 11 | C3: =O3/B3 -> 0.98737374 | D3: 26020502-03 | E3: 105-331 | F3: 119.5 | G3: 冲切 | H3: {=INDEX(成本核算表!J:J,MATCH(1,(成本核算表!D:D=E3)*(成本核算表!C:C=G3),0))} -> 10 | I3: 3910 | J3: =H3*I3 -> 39100 | N3: =J3-M3+L3 -> 39100 | O3: =N3/3600 -> 10.861111
A4: 46084 | B4: 11 | C4: =O4/B4 -> 1.0070707 | D4: 26020502-03 | E4: 105-331 | F4: 119.5 | G4: 冲切 | H4: {=INDEX(成本核算表!J:J,MATCH(1,(成本核算表!D:D=E4)*(成本核算表!C:C=G4),0))} -> 10 | I4: 3988 | J4: =H4*I4 -> 39880 | N4: =J4-M4+L4 -> 39880 | O4: =N4/3600 -> 11.077778
A5: 46085 | B5: 11 | C5: =O5/B5 -> 1.010101 | D5: 26020502-03 | E5: 105-331 | F5: 119.5 | G5: 冲切 | H5: {=INDEX(成本核算表!J:J,MATCH(1,(成本核算表!D:D=E5)*(成本核算表!C:C=G5),0))} -> 10 | I5: 4000 | J5: =H5*I5 -> 40000 | N5: =J5-M5+L5 -> 40000 | O5: =N5/3600 -> 11.111111
A6: 46086 | B6: 11 | C6: =O6/B6 -> 1.0040404 | D6: 26020502-03 | E6: 105-331 | F6: 119.5 | G6: 冲切 | H6: {=INDEX(成本核算表!J:J,MATCH(1,(成本核算表!D:D=E6)*(成本核算表!C:C=G6),0))} -> 10 | I6: 3976 | J6: =H6*I6 -> 39760 | N6: =J6-M6+L6 -> 39760 | O6: =N6/3600 -> 11.044444
A7: 46087 | B7: 11 | C7: =O7/B7 -> 0.86313131 | D7: 26020502-02 | E7: 105-331 | F7: 119.5 | G7: 冲切 | H7: {=INDEX(成本核算表!J:J,MATCH(1,(成本核算表!D:D=E7)*(成本核算表!C:C=G7),0))} -> 10 | I7: 3418 | J7: =H7*I7 -> 34180 | N7: =J7-M7+L7 -> 34180 | O7: =N7/3600 -> 9.4944444
A8: 46088 | B8: 11 | C8: =SUM(O8:O9)/B8 -> 1.2636364 | D8: 26020502-02 | E8: 105-331 | F8: 119.5 | G8: 冲切 | H8: {=INDEX(成本核算表!J:J,MATCH(1,(成本核算表!D:D=E8)*(成本核算表!C:C=G8),0))} -> 10 | I8: 2279 | J8: =H8*I8 -> 22790 | N8: =J8-M8+L8 -> 22790 | O8: =N8/3600 -> 6.3305556
A9: 46088 | D9: 26022709-01 | E9: 180-260 | F9: 950 | G9: 冲安装孔 | H9: {=INDEX(成本核算表!J:J,MATCH(1,(成本核算表!D:D=E9)*(成本核算表!C:C=G9),0))} -> 25 | I9: 1096 | J9: =H9*I9 -> 27400 | K9: 6 | M9: =K9*H9 -> 150 | N9: =J9-M9+L9 -> 27250 | O9: =N9/3600 -> 7.5694444
A10: 46089 | B10: 9.5 | C10: =SUM(O10:O12)/B10 -> 1.3274854 | D10: 26030309-05 | E10: 180-260 | F10: 950 | G10: 冲安装孔 | H10: {=INDEX(成本核算表!J:J,MATCH(1,(成本核算表!D:D=E10)*(成本核算表!C:C=G10),0))} -> 25 | I10: 545 | J10: =H10*I10 -> 13625 | K10: 4 | M10: =K10*H10 -> 100 | N10: =J10-M10+L10 -> 13525 | O10: =N10/3600 -> 3.7569444
A11: 46089 | D11: 26022708-01 | E11: 180-260 | F11: 950 | G11: 冲安装孔 | H11: {=INDEX(成本核算表!J:J,MATCH(1,(成本核算表!D:D=E11)*(成本核算表!C:C=G11),0))} -> 25 | I11: 1154 | J11: =H11*I11 -> 28850 | K11: 20 | M11: =K11*H11 -> 500 | N11: =J11-M11+L11 -> 28350 | O11: =N11/3600 -> 7.875
A12: 46089 | D12: 26030301-01 | E12: 180-260 | F12: 950 | G12: 冲安装孔 | H12: {=INDEX(成本核算表!J:J,MATCH(1,(成本核算表!D:D=E12)*(成本核算表!C:C=G12),0))} -> 25 | I12: 141 | J12: =H12*I12 -> 3525 | N12: =J12-M12+L12 -> 3525 | O12: =N12/3600 -> 0.97916667
A13: 46090 | B13: 11 | C13: =SUM(O13)/B13 -> 0.96439394 | D13: 26020502-02 | E13: 105-331 | F13: 119.5 | G13: 冲切 | H13: {=INDEX(成本核算表!J:J,MATCH(1,(成本核算表!D:D=E13)*(成本核算表!C:C=G13),0))} -> 10 | I13: 3819 | J13: =H13*I13 -> 38190 | N13: =J13-M13+L13 -> 38190 | O13: =N13/3600 -> 10.608333
A14: 46091 | B14: 11 | C14: =SUM(O14)/B14 -> 0.95732323 | D14: 26020502-03 | E14: 105-331 | F14: 119.5 | G14: 冲切 | H14: {=INDEX(成本核算表!J:J,MATCH(1,(成本核算表!D:D=E14)*(成本核算表!C:C=G14),0))} -> 10 | I14: 3797 | J14: =H14*I14 -> 37970 | K14: 6 | M14: =K14*H14 -> 60 | N14: =J14-M14+L14 -> 37910 | O14: =N14/3600 -> 10.530556
A15: 46092 | B15: 11 | C15: =SUM(O15)/B15 -> 1.0068182 | D15: 26020502-03 | E15: 105-331 | F15: 119.5 | G15: 冲切 | H15: {=INDEX(成本核算表!J:J,MATCH(1,(成本核算表!D:D=E15)*(成本核算表!C:C=G15),0))} -> 10 | I15: 3987 | J15: =H15*I15 -> 39870 | N15: =J15-M15+L15 -> 39870 | O15: =N15/3600 -> 11.075
A16: 46093 | B16: 11 | C16: =SUM(O16)/B16 -> 0.95909091 | D16: 26020502-02 | E16: 105-331 | F16: 119.5 | G16: 冲切 | H16: {=INDEX(成本核算表!J:J,MATCH(1,(成本核算表!D:D=E16)*(成本核算表!C:C=G16),0))} -> 10 | I16: 3798 | J16: =H16*I16 -> 37980 | N16: =J16-M16+L16 -> 37980 | O16: =N16/3600 -> 10.55
A17: 46094 | B17: 11 | C17: =SUM(O17:O18)/B17 -> 1.3141414 | D17: 25090907-01 | E17: 113-80 | F17: 1942 | G17: 冲边孔 | H17: {=INDEX(成本核算表!J:J,MATCH(1,(成本核算表!D:D=E17)*(成本核算表!C:C=G17),0))} -> 20 | I17: =1577 -> 1577 | J17: =H17*I17 -> 31540 | N17: =J17-M17+L17 -> 31540 | O17: =N17/3600 -> 8.7611111
A18: 46094 | D18: 25090907-02 | E18: 113-80 | F18: 1942 | G18: 冲边孔 | H18: {=INDEX(成本核算表!J:J,MATCH(1,(成本核算表!D:D=E18)*(成本核算表!C:C=G18),0))} -> 20 | I18: =1025 -> 1025 | J18: =H18*I18 -> 20500 | N18: =J18-M18+L18 -> 20500 | O18: =N18/3600 -> 5.6944444
A19: 46095 | B19: 11 | C19: =SUM(O19:O22)/B19 -> 1.1776515 | D19: 25090907-02 | E19: 113-80 | F19: 1942 | G19: 冲边孔 | H19: {=INDEX(成本核算表!J:J,MATCH(1,(成本核算表!D:D=E19)*(成本核算表!C:C=G19),0))} -> 20 | I19: 464 | J19: =H19*I19 -> 9280 | N19: =J19-M19+L19 -> 9280 | O19: =N19/3600 -> 2.5777778
A20: 46095 | D20: 25090907-01 | E20: 113-80 | F20: 1942 | G20: 冲边孔 | H20: {=INDEX(成本核算表!J:J,MATCH(1,(成本核算表!D:D=E20)*(成本核算表!C:C=G20),0))} -> 20 | I20: 344 | J20: =H20*I20 -> 6880 | N20: =J20-M20+L20 -> 6880 | O20: =N20/3600 -> 1.9111111
A21: 46095 | D21: 26030309-06 | E21: 180-261 | F21: 950 | G21: 冲安装孔 | H21: {=INDEX(成本核算表!J:J,MATCH(1,(成本核算表!D:D=E21)*(成本核算表!C:C=G21),0))} -> 25 | I21: 609 | J21: =H21*I21 -> 15225 | N21: =J21-M21+L21 -> 15225 | O21: =N21/3600 -> 4.2291667
A22: 46095 | D22: 26030309-02 | E22: 180-261 | F22: 950 | G22: 冲安装孔 | H22: {=INDEX(成本核算表!J:J,MATCH(1,(成本核算表!D:D=E22)*(成本核算表!C:C=G22),0))} -> 25 | I22: 610 | J22: =H22*I22 -> 15250 | N22: =J22-M22+L22 -> 15250 | O22: =N22/3600 -> 4.2361111
A23: 46096 | B23: 9.5 | C23: =SUM(O23:O29)/B23 -> 0.99105263 | D23: 26012005-07 | E23: 213-251 | F23: 1784.3 | G23: 冲缺口 | H23: {=INDEX(成本核算表!J:J,MATCH(1,(成本核算表!D:D=E23)*(成本核算表!C:C=G23),0))} -> 25 | I23: 626 | J23: =H23*I23 -> 15650 | N23: =J23-M23+L23 -> 15650 | O23: =N23/3600 -> 4.3472222
A24: 46096 | D24: 26030901-01 | E24: 105-257 | F24: 2400 | G24: 冲腰孔 | H24: {=INDEX(成本核算表!J:J,MATCH(1,(成本核算表!D:D=E24)*(成本核算表!C:C=G24),0))} -> 13 | I24: 128 | J24: =H24*I24 -> 1664 | N24: =J24-M24+L24 -> 1664 | O24: =N24/3600 -> 0.46222222
A25: 46096 | D25: 26030901-01 | E25: 105-257 | F25: 2400 | G25: 冲头孔 | H25: {=INDEX(成本核算表!J:J,MATCH(1,(成本核算表!D:D=E25)*(成本核算表!C:C=G25),0))} -> 10 | I25: 128 | J25: =H25*I25 -> 1280 | N25: =J25-M25+L25 -> 1280 | O25: =N25/3600 -> 0.35555556
A26: 46096 | D26: 26030901-02 | E26: 105-257 | F26: 2400 | G26: 冲缺口 | H26: {=INDEX(成本核算表!J:J,MATCH(1,(成本核算表!D:D=E26)*(成本核算表!C:C=G26),0))} -> 15 | I26: 128 | J26: =H26*I26 -> 1920 | N26: =J26-M26+L26 -> 1920 | O26: =N26/3600 -> 0.53333333
A27: 46096 | D27: 26030901-02 | E27: 105-257 | F27: 2400 | G27: 冲头孔 | H27: {=INDEX(成本核算表!J:J,MATCH(1,(成本核算表!D:D=E27)*(成本核算表!C:C=G27),0))} -> 10 | I27: 128 | J27: =H27*I27 -> 1280 | N27: =J27-M27+L27 -> 1280 | O27: =N27/3600 -> 0.35555556
A28: 46096 | D28: 26031503-01 | E28: 105-244 | F28: 2200 | G28: 冲腰孔 | H28: {=INDEX(成本核算表!J:J,MATCH(1,(成本核算表!D:D=E28)*(成本核算表!C:C=G28),0))} -> 13 | I28: 700 | J28: =H28*I28 -> 9100 | N28: =J28-M28+L28 -> 9100 | O28: =N28/3600 -> 2.5277778
A29: 46096 | D29: 26031503-01 | E29: 105-244 | F29: 2200 | G29: 冲头孔 | H29: {=INDEX(成本核算表!J:J,MATCH(1,(成本核算表!D:D=E29)*(成本核算表!C:C=G29),0))} -> 10 | I29: 300 | J29: =H29*I29 -> 3000 | N29: =J29-M29+L29 -> 3000 | O29: =N29/3600 -> 0.83333333
A30: 46097 | B30: 11 | C30: =SUM(O30:O32)/B30 -> 1.0811111 | D30: 26031503-01 | E30: 105-244 | F30: 2200 | G30: 冲腰孔 | H30: {=INDEX(成本核算表!J:J,MATCH(1,(成本核算表!D:D=E30)*(成本核算表!C:C=G30),0))} -> 13 | I30: 834 | J30: =H30*I30 -> 10842 | N30: =J30-M30+L30 -> 10842 | O30: =N30/3600 -> 3.0116667
A31: 46097 | D31: 26031503-01 | E31: 105-244 | F31: 2200 | G31: 冲头孔 | H31: {=INDEX(成本核算表!J:J,MATCH(1,(成本核算表!D:D=E31)*(成本核算表!C:C=G31),0))} -> 10 | I31: 1234 | J31: =H31*I31 -> 12340 | N31: =J31-M31+L31 -> 12340 | O31: =N31/3600 -> 3.4277778
A32: 46097 | D32: 26031503-02 | E32: 105-244 | F32: 2200 | G32: 冲头孔 | H32: {=INDEX(成本核算表!J:J,MATCH(1,(成本核算表!D:D=E32)*(成本核算表!C:C=G32),0))} -> 10 | I32: 1963 | J32: =H32*I32 -> 19630 | N32: =J32-M32+L32 -> 19630 | O32: =N32/3600 -> 5.4527778
A33: 46098 | B33: 11 | C33: =SUM(O33)/B33 -> 0.95959596 | D33: 26020502-02 | E33: 105-331 | F33: 119.5 | G33: 冲切 | H33: {=INDEX(成本核算表!J:J,MATCH(1,(成本核算表!D:D=E33)*(成本核算表!C:C=G33),0))} -> 10 | I33: 3800 | J33: =H33*I33 -> 38000 | N33: =J33-M33+L33 -> 38000 | O33: =N33/3600 -> 10.555556
A34: 46099 | B34: 11 | C34: =SUM(O34)/B34 -> 0.86363636 | D34: 26020502-02 | E34: 105-331 | F34: 119.5 | G34: 冲切 | H34: {=INDEX(成本核算表!J:J,MATCH(1,(成本核算表!D:D=E34)*(成本核算表!C:C=G34),0))} -> 10 | I34: 3420 | J34: =H34*I34 -> 34200 | N34: =J34-M34+L34 -> 34200 | O34: =N34/3600 -> 9.5
A35: 46100 | B35: 11 | C35: =SUM(O35:O36)/B35 -> 1.685101 | D35: 26030903-02 | E35: 222-149 | F35: 2380 | G35: 冲孔 | H35: {=INDEX(成本核算表!J:J,MATCH(1,(成本核算表!D:D=E35)*(成本核算表!C:C=G35),0))} -> 131 | I35: 360 | J35: =H35*I35 -> 47160 | N35: =J35-M35+L35 -> 47160 | O35: =N35/3600 -> 13.1
A36: 46101 | B36: 11 | C36: =SUM(O36:O37)/B36 -> 0.78080808 | D36: 26020502-02 | E36: 105-331 | F36: 119.5 | G36: 冲切 | H36: {=INDEX(成本核算表!J:J,MATCH(1,(成本核算表!D:D=E36)*(成本核算表!C:C=G36),0))} -> 10 | I36: 1957 | J36: =H36*I36 -> 19570 | N36: =J36-M36+L36 -> 19570 | O36: =N36/3600 -> 5.4361111
A37: 46101 | D37: 26031711-08 | E37: 213-251 | F37: 1784.3 | G37: 冲缺口 | H37: {=INDEX(成本核算表!J:J,MATCH(1,(成本核算表!D:D=E37)*(成本核算表!C:C=G37),0))} -> 25 | I37: 454 | J37: =H37*I37 -> 11350 | N37: =J37-M37+L37 -> 11350 | O37: =N37/3600 -> 3.1527778
H38: {=INDEX(成本核算表!J:J,MATCH(1,(成本核算表!D:D=E38)*(成本核算表!C:C=G38),0))} -> 0 | J38: =H38*I38 -> 0 | N38: =J38-M38+L38 -> 0 | O38: =N38/3600 -> 0
H39: {=INDEX(成本核算表!J:J,MATCH(1,(成本核算表!D:D=E39)*(成本核算表!C:C=G39),0))} -> 0 | J39: =H39*I39 -> 0 | N39: =J39-M39+L39 -> 0 | O39: =N39/3600 -> 0
H40: {=INDEX(成本核算表!J:J,MATCH(1,(成本核算表!D:D=E40)*(成本核算表!C:C=G40),0))} -> 0 | J40: =H40*I40 -> 0 | N40: =J40-M40+L40 -> 0 | O40: =N40/3600 -> 0
H41: {=INDEX(成本核算表!J:J,MATCH(1,(成本核算表!D:D=E41)*(成本核算表!C:C=G41),0))} -> 0 | J41: =H41*I41 -> 0 | N41: =J41-M41+L41 -> 0 | O41: =N41/3600 -> 0
H42: {=INDEX(成本核算表!J:J,MATCH(1,(成本核算表!D:D=E42)*(成本核算表!C:C=G42),0))} -> 0 | J42: =H42*I42 -> 0 | N42: =J42-M42+L42 -> 0 | O42: =N42/3600 -> 0
H43: {=INDEX(成本核算表!J:J,MATCH(1,(成本核算表!D:D=E43)*(成本核算表!C:C=G43),0))} -> 0 | J43: =H43*I43 -> 0 | N43: =J43-M43+L43 -> 0 | O43: =N43/3600 -> 0
H44: {=INDEX(成本核算表!J:J,MATCH(1,(成本核算表!D:D=E44)*(成本核算表!C:C=G44),0))} -> 0 | J44: =H44*I44 -> 0 | N44: =J44-M44+L44 -> 0 | O44: =N44/3600 -> 0
H45: {=INDEX(成本核算表!J:J,MATCH(1,(成本核算表!D:D=E45)*(成本核算表!C:C=G45),0))} -> 0 | J45: =H45*I45 -> 0 | N45: =J45-M45+L45 -> 0 | O45: =N45/3600 -> 0
H46: {=INDEX(成本核算表!J:J,MATCH(1,(成本核算表!D:D=E46)*(成本核算表!C:C=G46),0))} -> 0 | J46: =H46*I46 -> 0 | N46: =J46-M46+L46 -> 0 | O46: =N46/3600 -> 0
H47: {=INDEX(成本核算表!J:J,MATCH(1,(成本核算表!D:D=E47)*(成本核算表!C:C=G47),0))} -> 0 | J47: =H47*I47 -> 0 | N47: =J47-M47+L47 -> 0 | O47: =N47/3600 -> 0
H48: {=INDEX(成本核算表!J:J,MATCH(1,(成本核算表!D:D=E48)*(成本核算表!C:C=G48),0))} -> 0 | J48: =H48*I48 -> 0 | N48: =J48-M48+L48 -> 0 | O48: =N48/3600 -> 0
H49: {=INDEX(成本核算表!J:J,MATCH(1,(成本核算表!D:D=E49)*(成本核算表!C:C=G49),0))} -> 0 | J49: =H49*I49 -> 0 | N49: =J49-M49+L49 -> 0 | O49: =N49/3600 -> 0
... H101: {=INDEX(成本核算表!J:J,MATCH(1,(成本核算表!D:D=E101)*(成本核算表!C:C=G101),0))} -> 0 | J101: =H101*I101 -> 0 | N101: =J101-M101+L101 -> 0 | O101: =N101/3600 -> 0

Sheet 瞿晓香
A1: 日期 | B1: 出勤工时 | C1: 工时效率 | D1: 项目号 | E1: 产品型号 | F1: 长度（mm） | G1: 工序 | H1: 单件标准工时（S/支） | I1: 合格产量（支数） | J1: 合格工时（S） | K1: 个人不良产量（支数） | L1: 加分项 | M1: 减分项 | N1: 考核合计工时（秒） | O1: 合计（小时） | P1: 说明 | Q1: 备注
A2: 46098 | B2: 11 | C2: =SUM(O2:O4)/B2 -> 1.2776515 | D2: 26031603-01 | E2: 105-244 | F2: 2200 | G2: 冲腰孔 | H2: {=INDEX(成本核算表!J:J,MATCH(1,(成本核算表!D:D=E2)*(成本核算表!C:C=G2),0))} -> 13 | I2: 1265 | J2: =H2*I2 -> 16445 | N2: =J2-M2+L2 -> 16445 | O2: =N2/3600 -> 4.5680556
A3: 46098 | D3: 26031603-02 | E3: 105-244 | F3: 2200 | G3: 冲缺口 | H3: {=INDEX(成本核算表!J:J,MATCH(1,(成本核算表!D:D=E3)*(成本核算表!C:C=G3),0))} -> 15 | I3: 706 | J3: =H3*I3 -> 10590 | N3: =J3-M3+L3 -> 10590 | O3: =N3/3600 -> 2.9416667
A4: 46098 | D4: 26030709-01 | E4: 105-172 | F4: 33.7 | G4: 冲缺口2 | H4: {=INDEX(成本核算表!J:J,MATCH(1,(成本核算表!D:D=E4)*(成本核算表!C:C=G4),0))} -> 20 | I4: 728 | J4: =H4*I4 -> 14560 | L4: 9000 | N4: =J4-M4+L4 -> 23560 | O4: =N4/3600 -> 6.5444444 | Q4: 整形
A5: 46099 | B5: 11 | C5: =SUM(O5:O6)/B5 -> 1.1938131 | D5: 26031603-01 | E5: 105-244 | F5: 2200 | G5: 冲腰孔 | H5: {=INDEX(成本核算表!J:J,MATCH(1,(成本核算表!D:D=E5)*(成本核算表!C:C=G5),0))} -> 13 | I5: 1480 | J5: =H5*I5 -> 19240 | L5: =4*3600 -> 14400 | N5: =J5-M5+L5 -> 33640 | O5: =N5/3600 -> 9.3444444
A6: 46099 | D6: 26031603-02 | E6: 105-244 | F6: 2200 | G6: 冲缺口 | H6: {=INDEX(成本核算表!J:J,MATCH(1,(成本核算表!D:D=E6)*(成本核算表!C:C=G6),0))} -> 15 | I6: 909 | J6: =H6*I6 -> 13635 | N6: =J6-M6+L6 -> 13635 | O6: =N6/3600 -> 3.7875
A7: 46100 | B7: 11 | C7: =SUM(O7:O10)/B7 -> 1.1098737 | D7: 26031603-01 | E7: 105-244 | F7: 2200 | G7: 冲腰孔 | H7: {=INDEX(成本核算表!J:J,MATCH(1,(成本核算表!D:D=E7)*(成本核算表!C:C=G7),0))} -> 13 | I7: 1042 | J7: =H7*I7 -> 13546 | N7: =J7-M7+L7 -> 13546 | O7: =N7/3600 -> 3.7627778
A8: 46100 | D8: 26031603-02 | E8: 105-244 | F8: 2200 | G8: 冲缺口 | H8: {=INDEX(成本核算表!J:J,MATCH(1,(成本核算表!D:D=E8)*(成本核算表!C:C=G8),0))} -> 15 | I8: 343 | J8: =H8*I8 -> 5145 | N8: =J8-M8+L8 -> 5145 | O8: =N8/3600 -> 1.4291667
A9: 46100 | D9: 26031805-01 | E9: 105-244 | F9: 2400 | G9: 冲腰孔 | H9: {=INDEX(成本核算表!J:J,MATCH(1,(成本核算表!D:D=E9)*(成本核算表!C:C=G9),0))} -> 13 | I9: 900 | J9: =H9*I9 -> 11700 | N9: =J9-M9+L9 -> 11700 | O9: =N9/3600 -> 3.25
A10: 46100 | D10: 26031805-02 | E10: 105-244 | F10: 2400 | G10: 冲缺口 | H10: {=INDEX(成本核算表!J:J,MATCH(1,(成本核算表!D:D=E10)*(成本核算表!C:C=G10),0))} -> 15 | I10: 904 | J10: =H10*I10 -> 13560 | N10: =J10-M10+L10 -> 13560 | O10: =N10/3600 -> 3.7666667
A11: 46101 | B11: 11 | C11: =SUM(O11)/B11 -> 1.2878788 | D11: 26030903-02 | E11: 222-149*2380 | F11: 2380 | G11: 冲孔 | H11: {=INDEX(成本核算表!J:J,MATCH(1,(成本核算表!D:D=E11)*(成本核算表!C:C=G11),0))} -> 100 | I11: =510 -> 510 | J11: =H11*I11 -> 51000 | N11: =J11-M11+L11 -> 51000 | O11: =N11/3600 -> 14.166667
H12: {=INDEX(成本核算表!J:J,MATCH(1,(成本核算表!D:D=E12)*(成本核算表!C:C=G12),0))} -> 0 | J12: =H12*I12 -> 0 | N12: =J12-M12+L12 -> 0 | O12: =N12/3600 -> 0
H13: {=INDEX(成本核算表!J:J,MATCH(1,(成本核算表!D:D=E13)*(成本核算表!C:C=G13),0))} -> 0 | J13: =H13*I13 -> 0 | N13: =J13-M13+L13 -> 0 | O13: =N13/3600 -> 0
H14: {=INDEX(成本核算表!J:J,MATCH(1,(成本核算表!D:D=E14)*(成本核算表!C:C=G14),0))} -> 0 | J14: =H14*I14 -> 0 | N14: =J14-M14+L14 -> 0 | O14: =N14/3600 -> 0
H15: {=INDEX(成本核算表!J:J,MATCH(1,(成本核算表!D:D=E15)*(成本核算表!C:C=G15),0))} -> 0 | J15: =H15*I15 -> 0 | N15: =J15-M15+L15 -> 0 | O15: =N15/3600 -> 0
H16: {=INDEX(成本核算表!J:J,MATCH(1,(成本核算表!D:D=E16)*(成本核算表!C:C=G16),0))} -> 0 | J16: =H16*I16 -> 0 | N16: =J16-M16+L16 -> 0 | O16: =N16/3600 -> 0
H17: {=INDEX(成本核算表!J:J,MATCH(1,(成本核算表!D:D=E17)*(成本核算表!C:C=G17),0))} -> 0 | J17: =H17*I17 -> 0 | N17: =J17-M17+L17 -> 0 | O17: =N17/3600 -> 0
H18: {=INDEX(成本核算表!J:J,MATCH(1,(成本核算表!D:D=E18)*(成本核算表!C:C=G18),0))} -> 0 | J18: =H18*I18 -> 0 | N18: =J18-M18+L18 -> 0 | O18: =N18/3600 -> 0
H19: {=INDEX(成本核算表!J:J,MATCH(1,(成本核算表!D:D=E19)*(成本核算表!C:C=G19),0))} -> 0 | J19: =H19*I19 -> 0 | N19: =J19-M19+L19 -> 0 | O19: =N19/3600 -> 0
H20: {=INDEX(成本核算表!J:J,MATCH(1,(成本核算表!D:D=E20)*(成本核算表!C:C=G20),0))} -> 0 | J20: =H20*I20 -> 0 | N20: =J20-M20+L20 -> 0 | O20: =N20/3600 -> 0
H21: {=INDEX(成本核算表!J:J,MATCH(1,(成本核算表!D:D=E21)*(成本核算表!C:C=G21),0))} -> 0 | J21: =H21*I21 -> 0 | N21: =J21-M21+L21 -> 0 | O21: =N21/3600 -> 0
H22: {=INDEX(成本核算表!J:J,MATCH(1,(成本核算表!D:D=E22)*(成本核算表!C:C=G22),0))} -> 0 | J22: =H22*I22 -> 0 | N22: =J22-M22+L22 -> 0 | O22: =N22/3600 -> 0
H23: {=INDEX(成本核算表!J:J,MATCH(1,(成本核算表!D:D=E23)*(成本核算表!C:C=G23),0))} -> 0 | J23: =H23*I23 -> 0 | N23: =J23-M23+L23 -> 0 | O23: =N23/3600 -> 0
... H70: {=INDEX(成本核算表!J:J,MATCH(1,(成本核算表!D:D=E70)*(成本核算表!C:C=G70),0))} -> 0 | J70: =H70*I70 -> 0 | N70: =J70-M70+L70 -> 0 | O70: =N70/3600 -> 0

Sheet 徐皋
A1: 日期 | B1: 出勤工时 | C1: 工时效率 | D1: 项目号 | E1: 产品型号 | F1: 长度（mm） | G1: 工序 | H1: 单件标准工时（S/支） | I1: 合格产量（支数） | J1: 合格工时（S） | K1: 个人不良产量（支数） | L1: 加分项 | M1: 减分项 | N1: 考核合计工时（秒） | O1: 合计（小时） | P1: 说明 | Q1: 备注
A2: 46098 | B2: 11 | C2: =SUM(O2:O2)/B2 -> 1.1363636 | D2: 26030101-02 | E2: 196-114 | F2: 2296.8 | G2: CNC | H2: {=INDEX(成本核算表!J:J,MATCH(1,(成本核算表!D:D=E2)*(成本核算表!C:C=G2),0))} -> 600 | I2: 75 | J2: =H2*I2 -> 45000 | N2: =J2-M2+L2 -> 45000 | O2: =N2/3600 -> 12.5
A3: 46099 | B3: 11 | C3: =SUM(O3:O4)/B3 -> 0.89393939 | D3: 26022504-04 | E3: 213-553 | F3: 1960 | G3: 切割45° | H3: {=INDEX(成本核算表!J:J,MATCH(1,(成本核算表!D:D=E3)*(成本核算表!C:C=G3),0))} -> 30 | I3: 200 | J3: =H3*I3 -> 6000 | L3: 14400 | N3: =J3-M3+L3 -> 20400 | O3: =N3/3600 -> 5.6666667 | Q3: 挑料4H
A4: 46099 | D4: 26022504-01 | E4: 213-553 | F4: 780 | G4: 切割45° | H4: {=INDEX(成本核算表!J:J,MATCH(1,(成本核算表!D:D=E4)*(成本核算表!C:C=G4),0))} -> 30 | I4: 500 | J4: =H4*I4 -> 15000 | N4: =J4-M4+L4 -> 15000 | O4: =N4/3600 -> 4.1666667
A5: 46100 | B5: 11 | C5: =SUM(O5:O5)/B5 -> 1.0060606 | D5: 25090312-01 | E5: 113-58 | F5: 2440 | G5: 冲孔 | H5: {=INDEX(成本核算表!J:J,MATCH(1,(成本核算表!D:D=E5)*(成本核算表!C:C=G5),0))} -> 240 | I5: 34 | J5: =H5*I5 -> 8160 | L5: 31680 | N5: =J5-M5+L5 -> 39840 | O5: =N5/3600 -> 11.066667 | Q5: 整形
A6: 46101 | B6: 11 | C6: =SUM(O6:O6)/B6 -> 1.1393939 | D6: 25090312-01 | E6: 113-58 | F6: 2440 | G6: 冲孔 | H6: {=INDEX(成本核算表!J:J,MATCH(1,(成本核算表!D:D=E6)*(成本核算表!C:C=G6),0))} -> 240 | I6: 190 | J6: =H6*I6 -> 45600 | K6: 2 | M6: =K6*H6 -> 480 | N6: =J6-M6+L6 -> 45120 | O6: =N6/3600 -> 12.533333
H7: {=INDEX(成本核算表!J:J,MATCH(1,(成本核算表!D:D=E7)*(成本核算表!C:C=G7),0))} -> 0 | J7: =H7*I7 -> 0 | N7: =J7-M7+L7 -> 0 | O7: =N7/3600 -> 0
H8: {=INDEX(成本核算表!J:J,MATCH(1,(成本核算表!D:D=E8)*(成本核算表!C:C=G8),0))} -> 0 | J8: =H8*I8 -> 0 | N8: =J8-M8+L8 -> 0 | O8: =N8/3600 -> 0
H9: {=INDEX(成本核算表!J:J,MATCH(1,(成本核算表!D:D=E9)*(成本核算表!C:C=G9),0))} -> 0 | J9: =H9*I9 -> 0 | N9: =J9-M9+L9 -> 0 | O9: =N9/3600 -> 0
H10: {=INDEX(成本核算表!J:J,MATCH(1,(成本核算表!D:D=E10)*(成本核算表!C:C=G10),0))} -> 0 | J10: =H10*I10 -> 0 | N10: =J10-M10+L10 -> 0 | O10: =N10/3600 -> 0
H11: {=INDEX(成本核算表!J:J,MATCH(1,(成本核算表!D:D=E11)*(成本核算表!C:C=G11),0))} -> 0 | J11: =H11*I11 -> 0 | N11: =J11-M11+L11 -> 0 | O11: =N11/3600 -> 0
H12: {=INDEX(成本核算表!J:J,MATCH(1,(成本核算表!D:D=E12)*(成本核算表!C:C=G12),0))} -> 0 | J12: =H12*I12 -> 0 | N12: =J12-M12+L12 -> 0 | O12: =N12/3600 -> 0
H13: {=INDEX(成本核算表!J:J,MATCH(1,(成本核算表!D:D=E13)*(成本核算表!C:C=G13),0))} -> 0 | J13: =H13*I13 -> 0 | N13: =J13-M13+L13 -> 0 | O13: =N13/3600 -> 0
H14: {=INDEX(成本核算表!J:J,MATCH(1,(成本核算表!D:D=E14)*(成本核算表!C:C=G14),0))} -> 0 | J14: =H14*I14 -> 0 | N14: =J14-M14+L14 -> 0 | O14: =N14/3600 -> 0
H15: {=INDEX(成本核算表!J:J,MATCH(1,(成本核算表!D:D=E15)*(成本核算表!C:C=G15),0))} -> 0 | J15: =H15*I15 -> 0 | N15: =J15-M15+L15 -> 0 | O15: =N15/3600 -> 0
H16: {=INDEX(成本核算表!J:J,MATCH(1,(成本核算表!D:D=E16)*(成本核算表!C:C=G16),0))} -> 0 | J16: =H16*I16 -> 0 | N16: =J16-M16+L16 -> 0 | O16: =N16/3600 -> 0
H17: {=INDEX(成本核算表!J:J,MATCH(1,(成本核算表!D:D=E17)*(成本核算表!C:C=G17),0))} -> 0 | J17: =H17*I17 -> 0 | N17: =J17-M17+L17 -> 0 | O17: =N17/3600 -> 0
H18: {=INDEX(成本核算表!J:J,MATCH(1,(成本核算表!D:D=E18)*(成本核算表!C:C=G18),0))} -> 0 | J18: =H18*I18 -> 0 | N18: =J18-M18+L18 -> 0 | O18: =N18/3600 -> 0
... H68: {=INDEX(成本核算表!J:J,MATCH(1,(成本核算表!D:D=E68)*(成本核算表!C:C=G68),0))} -> 0 | J68: =H68*I68 -> 0 | N68: =J68-M68+L68 -> 0 | O68: =N68/3600 -> 0

Sheet 沈龙杰
A1: 日期 | B1: 出勤工时 | C1: 工时效率 | D1: 项目号 | E1: 产品型号 | F1: 长度（mm） | G1: 工序 | H1: 单件标准工时（S/支） | I1: 合格产量（支数） | J1: 合格工时（S） | K1: 个人不良产量（支数） | L1: 加分项 | M1: 减分项 | N1: 考核合计工时（秒） | O1: 合计（小时） | P1: 说明 | Q1: 备注
A2: 46082 | B2: 9.5 | C2: =O2/B2 -> 1.0210526 | D2: 26022603-01 | E2: 08-344 | F2: 34.93 | G2: 自动切割 | H2: {=INDEX(成本核算表!J:J,MATCH(1,(成本核算表!D:D=E2)*(成本核算表!C:C=G2),0))} -> 18 | I2: =3880/2 -> 1940 | J2: =H2*I2 -> 34920 | N2: =J2-M2+L2 -> 34920 | O2: =N2/3600 -> 9.7
A3: 46083 | B3: 9.5 | C3: =SUM(O3:O4)/B3 -> 1.2435088 | D3: 26022603-01 | E3: 08-344 | F3: 34.93 | G3: 自动切割 | H3: {=INDEX(成本核算表!J:J,MATCH(1,(成本核算表!D:D=E3)*(成本核算表!C:C=G3),0))} -> 18 | I3: 746 | J3: =H3*I3 -> 13428 | N3: =J3-M3+L3 -> 13428 | O3: =N3/3600 -> 3.73
A4: 46083 | D4: 26020502-01 | E4: 105-330 | F4: 260 | G4: 切割 | H4: {=INDEX(成本核算表!J:J,MATCH(1,(成本核算表!D:D=E4)*(成本核算表!C:C=G4),0))} -> 15 | I4: 1940 | J4: =H4*I4 -> 29100 | N4: =J4-M4+L4 -> 29100 | O4: =N4/3600 -> 8.0833333
A5: 46084 | B5: 9.5 | C5: =O5/B5 -> 1.1337719 | D5: 26020502-01 | E5: 105-330 | F5: 260 | G5: 切割 | H5: {=INDEX(成本核算表!J:J,MATCH(1,(成本核算表!D:D=E5)*(成本核算表!C:C=G5),0))} -> 15 | I5: 2585 | J5: =H5*I5 -> 38775 | N5: =J5-M5+L5 -> 38775 | O5: =N5/3600 -> 10.770833
A6: 46085 | B6: 9.5 | C6: =SUM(O6:O7)/B6 -> 0.90204678 | D6: 26022603-02 | E6: 08-349 | F6: 69.85 | G6: 自动切割 | H6: {=INDEX(成本核算表!J:J,MATCH(1,(成本核算表!D:D=E6)*(成本核算表!C:C=G6),0))} -> 2 | I6: 5873 | J6: =H6*I6 -> 11746 | N6: =J6-M6+L6 -> 11746 | O6: =N6/3600 -> 3.2627778
A7: 46085 | D7: 26022504-05 | E7: 213-554 | F7: 51.1 | G7: 自动切割 | H7: {=INDEX(成本核算表!J:J,MATCH(1,(成本核算表!D:D=E7)*(成本核算表!C:C=G7),0))} -> 12 | I7: 1592 | J7: =H7*I7 -> 19104 | N7: =J7-M7+L7 -> 19104 | O7: =N7/3600 -> 5.3066667
A8: 46086 | B8: 9.5 | C8: =SUM(O8:O9)/B8 -> 0.83926901 | D8: 26022504-05 | E8: 213-554 | F8: 51.1 | G8: 自动切割 | H8: {=INDEX(成本核算表!J:J,MATCH(1,(成本核算表!D:D=E8)*(成本核算表!C:C=G8),0))} -> 12 | I8: 1769 | J8: =H8*I8 -> 21228 | N8: =J8-M8+L8 -> 21228 | O8: =N8/3600 -> 5.8966667
A9: 46086 | E9: 82-440 | F9: 270 | G9: 自动切 | H9: 25 | I9: 683 | J9: =H9*I9 -> 17075 | M9: 9600 | N9: =J9-M9+L9 -> 7475 | O9: =N9/3600 -> 2.0763889
A10: 46087 | B10: 9.5 | C10: =SUM(O10:O11)/B10 -> 0.70415205 | D10: 26022504-05 | E10: 213-554 | F10: 51.1 | G10: 自动切割 | H10: {=INDEX(成本核算表!J:J,MATCH(1,(成本核算表!D:D=E10)*(成本核算表!C:C=G10),0))} -> 12 | I10: =2372/2 -> 1186 | J10: =H10*I10 -> 14232 | N10: =J10-M10+L10 -> 14232 | O10: =N10/3600 -> 3.9533333
A11: 46087 | E11: 82-440 | F11: 137 | G11: 自动切 | H11: 25 | I11: =788/2 -> 394 | J11: =H11*I11 -> 9850 | N11: =J11-M11+L11 -> 9850 | O11: =N11/3600 -> 2.7361111
A12: 46088 | B12: 9.5 | C12: =SUM(O12:O14)/B12 -> 0.65587719 | E12: 82-440 | F12: 137 | G12: 自动切 | H12: 25 | I12: 60 | J12: =H12*I12 -> 1500 | N12: =J12-M12+L12 -> 1500 | O12: =N12/3600 -> 0.41666667
A13: 46088 | D13: 26022602-03 | E13: 03-24 | F13: 110 | G13: 自动切割 | H13: {=INDEX(成本核算表!J:J,MATCH(1,(成本核算表!D:D=E13)*(成本核算表!C:C=G13),0))} -> 5 | I13: =1638/2 -> 819 | J13: =H13*I13 -> 4095 | N13: =J13-M13+L13 -> 4095 | O13: =N13/3600 -> 1.1375
A14: 46088 | D14: 26022504-05 | E14: 213-554 | F14: 51.1 | G14: 自动切割 | H14: {=INDEX(成本核算表!J:J,MATCH(1,(成本核算表!D:D=E14)*(成本核算表!C:C=G14),0))} -> 12 | I14: =2806/2 -> 1403 | J14: =H14*I14 -> 16836 | N14: =J14-M14+L14 -> 16836 | O14: =N14/3600 -> 4.6766667
A15: 46089 | B15: 9.5 | C15: =SUM(O15:O16)/B15 -> 1.6005263 | D15: 26022504-05 | E15: 213-554 | F15: 51.1 | G15: 自动切割 | H15: {=INDEX(成本核算表!J:J,MATCH(1,(成本核算表!D:D=E15)*(成本核算表!C:C=G15),0))} -> 12 | I15: =2823/2 -> 1411.5 | J15: =H15*I15 -> 16938 | L15: =1.5*3600 -> 5400 | N15: =J15-M15+L15 -> 22338 | O15: =N15/3600 -> 6.205
A16: 46090 | B16: 9.5 | H16: {=INDEX(成本核算表!J:J,MATCH(1,(成本核算表!D:D=E16)*(成本核算表!C:C=G16),0))} -> 0 | J16: =H16*I16 -> 0 | L16: 32400 | N16: =J16-M16+L16 -> 32400 | O16: =N16/3600 -> 9
A17: 46091 | B17: 9.5 | C17: =SUM(O17:O18)/B17 -> 0.98245614 | D17: 26022504-01 | E17: 213-553 | F17: 780 | G17: 切割45° | H17: {=INDEX(成本核算表!J:J,MATCH(1,(成本核算表!D:D=E17)*(成本核算表!C:C=G17),0))} -> 30 | I17: 520 | J17: =H17*I17 -> 15600 | N17: =J17-M17+L17 -> 15600 | O17: =N17/3600 -> 4.3333333
A18: 46091 | D18: 26022504-02 | E18: 213-553 | F18: 780 | G18: 切割45° | H18: {=INDEX(成本核算表!J:J,MATCH(1,(成本核算表!D:D=E18)*(成本核算表!C:C=G18),0))} -> 30 | I18: 600 | J18: =H18*I18 -> 18000 | N18: =J18-M18+L18 -> 18000 | O18: =N18/3600 -> 5
A19: 46092 | B19: 9.5 | C19: =SUM(O19:O21)/B19 -> 0.91578947 | D19: 26022504-03 | E19: 213-553 | F19: 1960 | G19: 切割45° | H19: {=INDEX(成本核算表!J:J,MATCH(1,(成本核算表!D:D=E19)*(成本核算表!C:C=G19),0))} -> 30 | I19: 340 | J19: =H19*I19 -> 10200 | L19: 7200 | N19: =J19-M19+L19 -> 17400 | O19: =N19/3600 -> 4.8333333 | Q19: 挑料2
A20: 46092 | D20: 26022504-04 | E20: 213-553 | F20: 1960 | G20: 切割45° | H20: {=INDEX(成本核算表!J:J,MATCH(1,(成本核算表!D:D=E20)*(成本核算表!C:C=G20),0))} -> 30 | I20: 300 | J20: =H20*I20 -> 9000 | N20: =J20-M20+L20 -> 9000 | O20: =N20/3600 -> 2.5
A21: 46092 | D21: 26022504-01 | E21: 213-553 | F21: 780 | G21: 切割45° | H21: {=INDEX(成本核算表!J:J,MATCH(1,(成本核算表!D:D=E21)*(成本核算表!C:C=G21),0))} -> 30 | I21: 164 | J21: =H21*I21 -> 4920 | N21: =J21-M21+L21 -> 4920 | O21: =N21/3600 -> 1.3666667
A22: 46093 | B22: 9.5 | C22: =SUM(O22:O25)/B22 -> 0.87017544 | D22: 26022504-01 | E22: 213-553 | F22: 780 | G22: 切割45° | H22: {=INDEX(成本核算表!J:J,MATCH(1,(成本核算表!D:D=E22)*(成本核算表!C:C=G22),0))} -> 30 | I22: 100 | J22: =H22*I22 -> 3000 | L22: 10800 | N22: =J22-M22+L22 -> 13800 | O22: =N22/3600 -> 3.8333333 | Q22: 挑料3
A23: 46093 | D23: 26022504-02 | E23: 213-553 | F23: 780 | G23: 切割45° | H23: {=INDEX(成本核算表!J:J,MATCH(1,(成本核算表!D:D=E23)*(成本核算表!C:C=G23),0))} -> 30 | I23: 100 | J23: =H23*I23 -> 3000 | N23: =J23-M23+L23 -> 3000 | O23: =N23/3600 -> 0.83333333
A24: 46093 | D24: 26022504-03 | E24: 213-553 | F24: 1960 | G24: 切割45° | H24: {=INDEX(成本核算表!J:J,MATCH(1,(成本核算表!D:D=E24)*(成本核算表!C:C=G24),0))} -> 30 | I24: 300 | J24: =H24*I24 -> 9000 | N24: =J24-M24+L24 -> 9000 | O24: =N24/3600 -> 2.5
A25: 46093 | D25: 26022504-04 | E25: 213-553 | F25: 1960 | G25: 切割45° | H25: {=INDEX(成本核算表!J:J,MATCH(1,(成本核算表!D:D=E25)*(成本核算表!C:C=G25),0))} -> 30 | I25: 132 | J25: =H25*I25 -> 3960 | N25: =J25-M25+L25 -> 3960 | O25: =N25/3600 -> 1.1
A26: 46094 | B26: 9.5 | C26: =SUM(O26:O27)/B26 -> 0.94795322 | D26: 26022504-01 | E26: 213-553 | F26: 780 | G26: 切割45° | H26: {=INDEX(成本核算表!J:J,MATCH(1,(成本核算表!D:D=E26)*(成本核算表!C:C=G26),0))} -> 30 | I26: 277 | J26: =H26*I26 -> 8310 | L26: 15800 | N26: =J26-M26+L26 -> 24110 | O26: =N26/3600 -> 6.6972222 | Q26: 改切
A27: 46094 | D27: 26022504-02 | E27: 213-553 | F27: 780 | G27: 切割45° | H27: {=INDEX(成本核算表!J:J,MATCH(1,(成本核算表!D:D=E27)*(成本核算表!C:C=G27),0))} -> 30 | I27: 277 | J27: =H27*I27 -> 8310 | N27: =J27-M27+L27 -> 8310 | O27: =N27/3600 -> 2.3083333
A28: 46095 | B28: 9.5 | C28: =SUM(O28)/B28 -> 0.90526316 | D28: 26030709-01 | E28: 105-172 | F28: 33.7 | G28: 自动切割 | H28: {=INDEX(成本核算表!J:J,MATCH(1,(成本核算表!D:D=E28)*(成本核算表!C:C=G28),0))} -> 6 | I28: 5160 | J28: =H28*I28 -> 30960 | N28: =J28-M28+L28 -> 30960 | O28: =N28/3600 -> 8.6
A29: 46096 | B29: 9.5 | C29: =SUM(O29:O31)/B29 -> 1.1504094 | D29: 26030709-01 | E29: 105-172 | F29: 33.7 | G29: 自动切割 | H29: {=INDEX(成本核算表!J:J,MATCH(1,(成本核算表!D:D=E29)*(成本核算表!C:C=G29),0))} -> 6 | I29: 2884 | J29: =H29*I29 -> 17304 | N29: =J29-M29+L29 -> 17304 | O29: =N29/3600 -> 4.8066667
A30: 46096 | D30: 26030709-02 | E30: 105-172 | F30: 33.7 | G30: 自动切割 | H30: {=INDEX(成本核算表!J:J,MATCH(1,(成本核算表!D:D=E30)*(成本核算表!C:C=G30),0))} -> 6 | I30: =1860+1048 -> 2908 | J30: =H30*I30 -> 17448 | N30: =J30-M30+L30 -> 17448 | O30: =N30/3600 -> 4.8466667
A31: 46096 | D31: 26030411-09 | E31: 113-06 | F31: 150 | G31: 自动切割 | H31: {=INDEX(成本核算表!J:J,MATCH(1,(成本核算表!D:D=E31)*(成本核算表!C:C=G31),0))} -> 8 | I31: 574 | J31: =H31*I31 -> 4592 | N31: =J31-M31+L31 -> 4592 | O31: =N31/3600 -> 1.2755556
A32: 46097 | B32: 9.5 | C32: =SUM(O32:O33)/B32 -> 2.094386 | D32: 26030709-02 | E32: 105-172 | F32: 33.7 | G32: 自动切割 | H32: {=INDEX(成本核算表!J:J,MATCH(1,(成本核算表!D:D=E32)*(成本核算表!C:C=G32),0))} -> 6 | I32: 4098 | J32: =H32*I32 -> 24588 | L32: =3.5*3600 -> 12600 | N32: =J32-M32+L32 -> 37188 | O32: =N32/3600 -> 10.33
A33: 46098 | B33: 9.5 | C33: =SUM(O33:O34)/B33 -> 1.2315789 | D33: 26030411-09 | E33: 113-06 | F33: 150 | G33: 自动切割 | H33: {=INDEX(成本核算表!J:J,MATCH(1,(成本核算表!D:D=E33)*(成本核算表!C:C=G33),0))} -> 8 | I33: 4305 | J33: =H33*I33 -> 34440 | N33: =J33-M33+L33 -> 34440 | O33: =N33/3600 -> 9.5666667
A34: 46099 | B34: 9.5 | C34: =SUM(O34:O35)/B34 -> 1.0661404 | D34: 26030411-09 | E34: 113-06 | F34: 150 | G34: 自动切割 | H34: {=INDEX(成本核算表!J:J,MATCH(1,(成本核算表!D:D=E34)*(成本核算表!C:C=G34),0))} -> 8 | I34: 960 | J34: =H34*I34 -> 7680 | N34: =J34-M34+L34 -> 7680 | O34: =N34/3600 -> 2.1333333
A35: 46099 | D35: 26030411-08 | E35: 113-07 | F35: 150 | G35: 自动切割 | H35: {=INDEX(成本核算表!J:J,MATCH(1,(成本核算表!D:D=E35)*(成本核算表!C:C=G35),0))} -> 9 | I35: 3198 | J35: =H35*I35 -> 28782 | N35: =J35-M35+L35 -> 28782 | O35: =N35/3600 -> 7.995
A36: 46100 | B36: 9.5 | C36: =SUM(O36:O37)/B36 -> 0.83385965 | D36: 26030411-08 | E36: 113-07 | F36: 150 | G36: 自动切割 | H36: {=INDEX(成本核算表!J:J,MATCH(1,(成本核算表!D:D=E36)*(成本核算表!C:C=G36),0))} -> 9 | I36: 2766 | J36: =H36*I36 -> 24894 | N36: =J36-M36+L36 -> 24894 | O36: =N36/3600 -> 6.915
A37: 46100 | D37: 26031301-05 | E37: 213-554 | F37: 51.1 | G37: 自动切割 | H37: {=INDEX(成本核算表!J:J,MATCH(1,(成本核算表!D:D=E37)*(成本核算表!C:C=G37),0))} -> 12 | I37: 302 | J37: =H37*I37 -> 3624 | N37: =J37-M37+L37 -> 3624 | O37: =N37/3600 -> 1.0066667
A38: 46101 | B38: 9.5 | C38: =SUM(O38:O39)/B38 -> 0.94526316 | D38: 26031301-05 | E38: 213-554 | F38: 51.1 | G38: 自动切割 | H38: {=INDEX(成本核算表!J:J,MATCH(1,(成本核算表!D:D=E38)*(成本核算表!C:C=G38),0))} -> 12 | I38: 2694 | J38: =H38*I38 -> 32328 | N38: =J38-M38+L38 -> 32328 | O38: =N38/3600 -> 8.98
H39: {=INDEX(成本核算表!J:J,MATCH(1,(成本核算表!D:D=E39)*(成本核算表!C:C=G39),0))} -> 0 | J39: =H39*I39 -> 0 | N39: =J39-M39+L39 -> 0 | O39: =N39/3600 -> 0
H40: {=INDEX(成本核算表!J:J,MATCH(1,(成本核算表!D:D=E40)*(成本核算表!C:C=G40),0))} -> 0 | J40: =H40*I40 -> 0 | N40: =J40-M40+L40 -> 0 | O40: =N40/3600 -> 0
H41: {=INDEX(成本核算表!J:J,MATCH(1,(成本核算表!D:D=E41)*(成本核算表!C:C=G41),0))} -> 0 | J41: =H41*I41 -> 0 | N41: =J41-M41+L41 -> 0 | O41: =N41/3600 -> 0
H42: {=INDEX(成本核算表!J:J,MATCH(1,(成本核算表!D:D=E42)*(成本核算表!C:C=G42),0))} -> 0 | J42: =H42*I42 -> 0 | N42: =J42-M42+L42 -> 0 | O42: =N42/3600 -> 0
H43: {=INDEX(成本核算表!J:J,MATCH(1,(成本核算表!D:D=E43)*(成本核算表!C:C=G43),0))} -> 0 | J43: =H43*I43 -> 0 | N43: =J43-M43+L43 -> 0 | O43: =N43/3600 -> 0
H44: {=INDEX(成本核算表!J:J,MATCH(1,(成本核算表!D:D=E44)*(成本核算表!C:C=G44),0))} -> 0 | J44: =H44*I44 -> 0 | N44: =J44-M44+L44 -> 0 | O44: =N44/3600 -> 0
H45: {=INDEX(成本核算表!J:J,MATCH(1,(成本核算表!D:D=E45)*(成本核算表!C:C=G45),0))} -> 0 | J45: =H45*I45 -> 0 | N45: =J45-M45+L45 -> 0 | O45: =N45/3600 -> 0
H46: {=INDEX(成本核算表!J:J,MATCH(1,(成本核算表!D:D=E46)*(成本核算表!C:C=G46),0))} -> 0 | J46: =H46*I46 -> 0 | N46: =J46-M46+L46 -> 0 | O46: =N46/3600 -> 0
H47: {=INDEX(成本核算表!J:J,MATCH(1,(成本核算表!D:D=E47)*(成本核算表!C:C=G47),0))} -> 0 | J47: =H47*I47 -> 0 | N47: =J47-M47+L47 -> 0 | O47: =N47/3600 -> 0
H48: {=INDEX(成本核算表!J:J,MATCH(1,(成本核算表!D:D=E48)*(成本核算表!C:C=G48),0))} -> 0 | J48: =H48*I48 -> 0 | N48: =J48-M48+L48 -> 0 | O48: =N48/3600 -> 0
H49: {=INDEX(成本核算表!J:J,MATCH(1,(成本核算表!D:D=E49)*(成本核算表!C:C=G49),0))} -> 0 | J49: =H49*I49 -> 0 | N49: =J49-M49+L49 -> 0 | O49: =N49/3600 -> 0
H50: {=INDEX(成本核算表!J:J,MATCH(1,(成本核算表!D:D=E50)*(成本核算表!C:C=G50),0))} -> 0 | J50: =H50*I50 -> 0 | N50: =J50-M50+L50 -> 0 | O50: =N50/3600 -> 0
... H101: {=INDEX(成本核算表!J:J,MATCH(1,(成本核算表!D:D=E101)*(成本核算表!C:C=G101),0))} -> 0 | J101: =H101*I101 -> 0 | N101: =J101-M101+L101 -> 0 | O101: =N101/3600 -> 0
H102: {=INDEX(成本核算表!J:J,MATCH(1,(成本核算表!D:D=E102)*(成本核算表!C:C=G102),0))} -> 0
H103: {=INDEX(成本核算表!J:J,MATCH(1,(成本核算表!D:D=E103)*(成本核算表!C:C=G103),0))} -> 0
H104: {=INDEX(成本核算表!J:J,MATCH(1,(成本核算表!D:D=E104)*(成本核算表!C:C=G104),0))} -> 0
H105: {=INDEX(成本核算表!J:J,MATCH(1,(成本核算表!D:D=E105)*(成本核算表!C:C=G105),0))} -> 0
H106: {=INDEX(成本核算表!J:J,MATCH(1,(成本核算表!D:D=E106)*(成本核算表!C:C=G106),0))} -> 0
H107: {=INDEX(成本核算表!J:J,MATCH(1,(成本核算表!D:D=E107)*(成本核算表!C:C=G107),0))} -> 0
H108: {=INDEX(成本核算表!J:J,MATCH(1,(成本核算表!D:D=E108)*(成本核算表!C:C=G108),0))} -> 0
H109: {=INDEX(成本核算表!J:J,MATCH(1,(成本核算表!D:D=E109)*(成本核算表!C:C=G109),0))} -> 0
H110: {=INDEX(成本核算表!J:J,MATCH(1,(成本核算表!D:D=E110)*(成本核算表!C:C=G110),0))} -> 0
H111: {=INDEX(成本核算表!J:J,MATCH(1,(成本核算表!D:D=E111)*(成本核算表!C:C=G111),0))} -> 0
H112: {=INDEX(成本核算表!J:J,MATCH(1,(成本核算表!D:D=E112)*(成本核算表!C:C=G112),0))} -> 0
H113: {=INDEX(成本核算表!J:J,MATCH(1,(成本核算表!D:D=E113)*(成本核算表!C:C=G113),0))} -> 0
... H119: {=INDEX(成本核算表!J:J,MATCH(1,(成本核算表!D:D=E119)*(成本核算表!C:C=G119),0))} -> 0

Sheet 杨艺博
A1: 日期 | B1: 出勤工时 | C1: 工时效率 | D1: 项目号 | E1: 产品型号 | F1: 长度（mm） | G1: 工序 | H1: 单件标准工时（S/支） | I1: 合格产量（支数） | J1: 合格工时（S） | K1: 个人不良产量（支数） | L1: 加分项 | M1: 减分项 | N1: 考核合计工时（秒） | O1: 合计（小时） | P1: 说明 | Q1: 备注
A2: 46082 | B2: 9.5 | C2: =O2/B2 -> 1.6238596 | D2: 25090907-02 | E2: 113-80 | F2: 1942 | G2: 刮毛刺 | H2: {=INDEX(成本核算表!J:J,MATCH(1,(成本核算表!D:D=E2)*(成本核算表!C:C=G2),0))} -> 48 | I2: =1157 -> 1157 | J2: =H2*I2 -> 55536 | M2: =K2*H2 -> 0 | N2: =J2-M2+L2 -> 55536 | O2: =N2/3600 -> 15.426667
A3: 46083 | B3: 11 | C3: =SUM(O3:O4)/B3 -> 1.1464646 | D3: 25090907-01 | E3: 113-80 | F3: 1942 | G3: 检验 | H3: {=INDEX(成本核算表!J:J,MATCH(1,(成本核算表!D:D=E3)*(成本核算表!C:C=G3),0))} -> 40 | I3: 507 | J3: =H3*I3 -> 20280 | M3: =K3*H3 -> 0 | N3: =J3-M3+L3 -> 20280 | O3: =N3/3600 -> 5.6333333
A4: 46083 | D4: 25090907-02 | E4: 113-80 | F4: 1942 | G4: 检验 | H4: {=INDEX(成本核算表!J:J,MATCH(1,(成本核算表!D:D=E4)*(成本核算表!C:C=G4),0))} -> 40 | I4: 628 | J4: =H4*I4 -> 25120 | M4: =K4*H4 -> 0 | N4: =J4-M4+L4 -> 25120 | O4: =N4/3600 -> 6.9777778
A5: 46084 | B5: 11 | C5: =SUM(O5:O6)/B5 -> 0.40479798 | D5: 26022711-07 | E5: 180-259 | F5: 950 | G5: 端铣 | H5: {=INDEX(成本核算表!J:J,MATCH(1,(成本核算表!D:D=E5)*(成本核算表!C:C=G5),0))} -> 20 | I5: =1105/2 -> 552.5 | J5: =H5*I5 -> 11050 | M5: =K5*H5 -> 0 | N5: =J5-M5+L5 -> 11050 | O5: =N5/3600 -> 3.0694444
A6: 46084 | E6: 286-337 | G6: 端铣 | H6: {=INDEX(成本核算表!J:J,MATCH(1,(成本核算表!D:D=E6)*(成本核算表!C:C=G6),0))} -> 120 | I6: =83/2 -> 41.5 | J6: =H6*I6 -> 4980 | M6: =K6*H6 -> 0 | N6: =J6-M6+L6 -> 4980 | O6: =N6/3600 -> 1.3833333
A7: 46085 | B7: 9.5 | C7: =O7/B7 -> 1 | H7: {=INDEX(成本核算表!J:J,MATCH(1,(成本核算表!D:D=E7)*(成本核算表!C:C=G7),0))} -> 0 | J7: =H7*I7 -> 0 | L7: =3600*9.5 -> 34200 | M7: =K7*H7 -> 0 | N7: =J7-M7+L7 -> 34200 | O7: =N7/3600 -> 9.5
A8: 46086 | B8: 11 | C8: =O8/B8 -> 1 | H8: {=INDEX(成本核算表!J:J,MATCH(1,(成本核算表!D:D=E8)*(成本核算表!C:C=G8),0))} -> 0 | J8: =H8*I8 -> 0 | L8: 39600 | M8: =K8*H8 -> 0 | N8: =J8-M8+L8 -> 39600 | O8: =N8/3600 -> 11
A9: 46087 | B9: 9.5 | C9: =O9/B9 -> 0.94736842 | H9: {=INDEX(成本核算表!J:J,MATCH(1,(成本核算表!D:D=E9)*(成本核算表!C:C=G9),0))} -> 0 | J9: =H9*I9 -> 0 | L9: =9*3600 -> 32400 | M9: =K9*H9 -> 0 | N9: =J9-M9+L9 -> 32400 | O9: =N9/3600 -> 9
H10: {=INDEX(成本核算表!J:J,MATCH(1,(成本核算表!D:D=E10)*(成本核算表!C:C=G10),0))} -> 0 | J10: =H10*I10 -> 0 | M10: =K10*H10 -> 0 | N10: =J10-M10+L10 -> 0 | O10: =N10/3600 -> 0
H11: {=INDEX(成本核算表!J:J,MATCH(1,(成本核算表!D:D=E11)*(成本核算表!C:C=G11),0))} -> 0 | J11: =H11*I11 -> 0 | M11: =K11*H11 -> 0 | N11: =J11-M11+L11 -> 0 | O11: =N11/3600 -> 0
H12: {=INDEX(成本核算表!J:J,MATCH(1,(成本核算表!D:D=E12)*(成本核算表!C:C=G12),0))} -> 0 | J12: =H12*I12 -> 0 | M12: =K12*H12 -> 0 | N12: =J12-M12+L12 -> 0 | O12: =N12/3600 -> 0
H13: {=INDEX(成本核算表!J:J,MATCH(1,(成本核算表!D:D=E13)*(成本核算表!C:C=G13),0))} -> 0 | J13: =H13*I13 -> 0 | M13: =K13*H13 -> 0 | N13: =J13-M13+L13 -> 0 | O13: =N13/3600 -> 0
H14: {=INDEX(成本核算表!J:J,MATCH(1,(成本核算表!D:D=E14)*(成本核算表!C:C=G14),0))} -> 0 | J14: =H14*I14 -> 0 | M14: =K14*H14 -> 0 | N14: =J14-M14+L14 -> 0 | O14: =N14/3600 -> 0
H15: {=INDEX(成本核算表!J:J,MATCH(1,(成本核算表!D:D=E15)*(成本核算表!C:C=G15),0))} -> 0 | J15: =H15*I15 -> 0 | M15: =K15*H15 -> 0 | N15: =J15-M15+L15 -> 0 | O15: =N15/3600 -> 0
H16: {=INDEX(成本核算表!J:J,MATCH(1,(成本核算表!D:D=E16)*(成本核算表!C:C=G16),0))} -> 0 | J16: =H16*I16 -> 0 | M16: =K16*H16 -> 0 | N16: =J16-M16+L16 -> 0 | O16: =N16/3600 -> 0
H17: {=INDEX(成本核算表!J:J,MATCH(1,(成本核算表!D:D=E17)*(成本核算表!C:C=G17),0))} -> 0 | J17: =H17*I17 -> 0 | M17: =K17*H17 -> 0 | N17: =J17-M17+L17 -> 0 | O17: =N17/3600 -> 0
H18: {=INDEX(成本核算表!J:J,MATCH(1,(成本核算表!D:D=E18)*(成本核算表!C:C=G18),0))} -> 0 | J18: =H18*I18 -> 0 | M18: =K18*H18 -> 0 | N18: =J18-M18+L18 -> 0 | O18: =N18/3600 -> 0
H19: {=INDEX(成本核算表!J:J,MATCH(1,(成本核算表!D:D=E19)*(成本核算表!C:C=G19),0))} -> 0 | J19: =H19*I19 -> 0 | M19: =K19*H19 -> 0 | N19: =J19-M19+L19 -> 0 | O19: =N19/3600 -> 0
H20: {=INDEX(成本核算表!J:J,MATCH(1,(成本核算表!D:D=E20)*(成本核算表!C:C=G20),0))} -> 0 | J20: =H20*I20 -> 0 | M20: =K20*H20 -> 0 | N20: =J20-M20+L20 -> 0 | O20: =N20/3600 -> 0
H21: {=INDEX(成本核算表!J:J,MATCH(1,(成本核算表!D:D=E21)*(成本核算表!C:C=G21),0))} -> 0 | J21: =H21*I21 -> 0 | M21: =K21*H21 -> 0 | N21: =J21-M21+L21 -> 0 | O21: =N21/3600 -> 0
... H23: {=INDEX(成本核算表!J:J,MATCH(1,(成本核算表!D:D=E23)*(成本核算表!C:C=G23),0))} -> 0 | J23: =H23*I23 -> 0 | M23: =K23*H23 -> 0 | N23: =J23-M23+L23 -> 0 | O23: =N23/3600 -> 0
J24: =H24*I24 -> 0 | M24: =K24*H24 -> 0 | N24: =J24-M24+L24 -> 0 | O24: =N24/3600 -> 0
J25: =H25*I25 -> 0 | M25: =K25*H25 -> 0 | N25: =J25-M25+L25 -> 0 | O25: =N25/3600 -> 0
J26: =H26*I26 -> 0 | M26: =K26*H26 -> 0 | N26: =J26-M26+L26 -> 0 | O26: =N26/3600 -> 0
J27: =H27*I27 -> 0 | M27: =K27*H27 -> 0 | N27: =J27-M27+L27 -> 0 | O27: =N27/3600 -> 0
J28: =H28*I28 -> 0 | M28: =K28*H28 -> 0 | N28: =J28-M28+L28 -> 0 | O28: =N28/3600 -> 0
J29: =H29*I29 -> 0 | M29: =K29*H29 -> 0 | N29: =J29-M29+L29 -> 0 | O29: =N29/3600 -> 0
J30: =H30*I30 -> 0 | M30: =K30*H30 -> 0 | N30: =J30-M30+L30 -> 0 | O30: =N30/3600 -> 0
J31: =H31*I31 -> 0 | M31: =K31*H31 -> 0 | N31: =J31-M31+L31 -> 0 | O31: =N31/3600 -> 0
J32: =H32*I32 -> 0 | M32: =K32*H32 -> 0 | N32: =J32-M32+L32 -> 0 | O32: =N32/3600 -> 0
J33: =H33*I33 -> 0 | M33: =K33*H33 -> 0 | N33: =J33-M33+L33 -> 0 | O33: =N33/3600 -> 0
J34: =H34*I34 -> 0 | M34: =K34*H34 -> 0 | N34: =J34-M34+L34 -> 0 | O34: =N34/3600 -> 0
J35: =H35*I35 -> 0 | M35: =K35*H35 -> 0 | N35: =J35-M35+L35 -> 0 | O35: =N35/3600 -> 0
... J99: =H99*I99 -> 0 | M99: =K99*H99 -> 0 | N99: =J99-M99+L99 -> 0 | O99: =N99/3600 -> 0

Sheet 徐新妹
A1: 日期 | B1: 出勤工时 | C1: 工时效率 | D1: 项目号 | E1: 产品型号 | F1: 长度（mm） | G1: 工序 | H1: 单件标准工时（S/支） | I1: 合格产量（支数） | J1: 合格工时（S） | K1: 个人不良产量（支数） | L1: 加分项 | M1: 减分项 | N1: 考核合计工时（秒） | O1: 合计（小时） | P1: 说明 | Q1: 备注
A2: 46082 | B2: 12 | C2: =SUM(O2:O3)/B2 -> 1.0185185 | D2: 26020502-01 | E2: 105-330 | F2: 260 | G2: CNC1 | H2: {=INDEX(成本核算表!J:J,MATCH(1,(成本核算表!D:D=E2)*(成本核算表!C:C=G2),0))} -> 50 | I2: 400 | J2: =H2*I2 -> 20000 | N2: =J2-M2+L2 -> 20000 | O2: =N2/3600 -> 5.5555556
A3: 46082 | D3: 26020502-01 | E3: 105-330 | F3: 260 | G3: CNC2 | H3: {=INDEX(成本核算表!J:J,MATCH(1,(成本核算表!D:D=E3)*(成本核算表!C:C=G3),0))} -> 60 | I3: 400 | J3: =H3*I3 -> 24000 | N3: =J3-M3+L3 -> 24000 | O3: =N3/3600 -> 6.6666667
A4: 46083 | B4: 12 | C4: =SUM(O4:O5)/B4 -> 0.68287037 | D4: 26022710-07 | E4: 180-259 | F4: 950 | G4: 端铣 | H4: {=INDEX(成本核算表!J:J,MATCH(1,(成本核算表!D:D=E4)*(成本核算表!C:C=G4),0))} -> 20 | I4: =2160/2 -> 1080 | J4: =H4*I4 -> 21600 | N4: =J4-M4+L4 -> 21600 | O4: =N4/3600 -> 6
A5: 46083 | E5: 286-337 | G5: 打孔 | H5: {=INDEX(成本核算表!J:J,MATCH(1,(成本核算表!D:D=E5)*(成本核算表!C:C=G5),0))} -> 100 | I5: =158/2 -> 79 | J5: =H5*I5 -> 7900 | N5: =J5-M5+L5 -> 7900 | O5: =N5/3600 -> 2.1944444
A6: 46084 | B6: 12 | C6: =SUM(O6:O7)/B6 -> 1.0185185 | D6: 26020502-01 | E6: 105-330 | F6: 260 | G6: CNC1 | H6: {=INDEX(成本核算表!J:J,MATCH(1,(成本核算表!D:D=E6)*(成本核算表!C:C=G6),0))} -> 50 | I6: 400 | J6: =H6*I6 -> 20000 | N6: =J6-M6+L6 -> 20000 | O6: =N6/3600 -> 5.5555556
A7: 46084 | D7: 26020502-01 | E7: 105-330 | F7: 260 | G7: CNC2 | H7: {=INDEX(成本核算表!J:J,MATCH(1,(成本核算表!D:D=E7)*(成本核算表!C:C=G7),0))} -> 60 | I7: 400 | J7: =H7*I7 -> 24000 | N7: =J7-M7+L7 -> 24000 | O7: =N7/3600 -> 6.6666667
A8: 46085 | B8: 12 | C8: =SUM(O8)/B8 -> 0.8962963 | D8: 25062804-02 | E8: 113-54 | F8: 138.8 | G8: 抛光 | H8: {=INDEX(成本核算表!J:J,MATCH(1,(成本核算表!D:D=E8)*(成本核算表!C:C=G8),0))} -> 160 | I8: =726/3 -> 242 | J8: =H8*I8 -> 38720 | N8: =J8-M8+L8 -> 38720 | O8: =N8/3600 -> 10.755556
A9: 46086 | B9: 12 | C9: =SUM(O9:O10)/B9 -> 1.0083333 | D9: 26020502-01 | E9: 105-330 | F9: 260 | G9: CNC1 | H9: {=INDEX(成本核算表!J:J,MATCH(1,(成本核算表!D:D=E9)*(成本核算表!C:C=G9),0))} -> 50 | I9: 400 | J9: =H9*I9 -> 20000 | K9: 4 | M9: =K9*H9 -> 200 | N9: =J9-M9+L9 -> 19800 | O9: =N9/3600 -> 5.5
A10: 46086 | D10: 26020502-01 | E10: 105-330 | F10: 260 | G10: CNC2 | H10: {=INDEX(成本核算表!J:J,MATCH(1,(成本核算表!D:D=E10)*(成本核算表!C:C=G10),0))} -> 60 | I10: 400 | J10: =H10*I10 -> 24000 | K10: 4 | M10: =K10*H10 -> 240 | N10: =J10-M10+L10 -> 23760 | O10: =N10/3600 -> 6.6
A11: 46087 | B11: 12 | C11: =SUM(O11:O12)/B11 -> 1.0185185 | D11: 26020502-01 | E11: 105-330 | F11: 260 | G11: CNC1 | H11: {=INDEX(成本核算表!J:J,MATCH(1,(成本核算表!D:D=E11)*(成本核算表!C:C=G11),0))} -> 50 | I11: 400 | J11: =H11*I11 -> 20000 | N11: =J11-M11+L11 -> 20000 | O11: =N11/3600 -> 5.5555556
A12: 46087 | D12: 26020502-01 | E12: 105-330 | F12: 260 | G12: CNC2 | H12: {=INDEX(成本核算表!J:J,MATCH(1,(成本核算表!D:D=E12)*(成本核算表!C:C=G12),0))} -> 60 | I12: 400 | J12: =H12*I12 -> 24000 | N12: =J12-M12+L12 -> 24000 | O12: =N12/3600 -> 6.6666667
A13: 46088 | B13: 12 | C13: =SUM(O13:O14)/B13 -> 1.0185185 | D13: 26020502-01 | E13: 105-330 | F13: 260 | G13: CNC1 | H13: {=INDEX(成本核算表!J:J,MATCH(1,(成本核算表!D:D=E13)*(成本核算表!C:C=G13),0))} -> 50 | I13: 400 | J13: =H13*I13 -> 20000 | N13: =J13-M13+L13 -> 20000 | O13: =N13/3600 -> 5.5555556
A14: 46088 | D14: 26020502-01 | E14: 105-330 | F14: 260 | G14: CNC2 | H14: {=INDEX(成本核算表!J:J,MATCH(1,(成本核算表!D:D=E14)*(成本核算表!C:C=G14),0))} -> 60 | I14: 400 | J14: =H14*I14 -> 24000 | N14: =J14-M14+L14 -> 24000 | O14: =N14/3600 -> 6.6666667
H15: {=INDEX(成本核算表!J:J,MATCH(1,(成本核算表!D:D=E15)*(成本核算表!C:C=G15),0))} -> 0 | J15: =H15*I15 -> 0 | N15: =J15-M15+L15 -> 0 | O15: =N15/3600 -> 0
A16: 46090 | B16: 11 | C16: =SUM(O16)/B16 -> 0.90151515 | D16: 25070202-10 | E16: 286-398 | F16: 130 | G16: CNC | H16: {=INDEX(成本核算表!J:J,MATCH(1,(成本核算表!D:D=E16)*(成本核算表!C:C=G16),0))} -> 70 | I16: 510 | J16: =H16*I16 -> 35700 | N16: =J16-M16+L16 -> 35700 | O16: =N16/3600 -> 9.9166667
A17: 46091 | B17: 11 | C17: =SUM(O17)/B17 -> 0.91919192 | D17: 25070202-10 | E17: 286-398 | F17: 130 | G17: CNC | H17: {=INDEX(成本核算表!J:J,MATCH(1,(成本核算表!D:D=E17)*(成本核算表!C:C=G17),0))} -> 70 | I17: 520 | J17: =H17*I17 -> 36400 | N17: =J17-M17+L17 -> 36400 | O17: =N17/3600 -> 10.111111
A18: 46092 | B18: 11 | C18: =SUM(O18:O19)/B18 -> 1.1111111 | D18: 26020502-01 | E18: 105-330 | F18: 260 | G18: CNC1 | H18: {=INDEX(成本核算表!J:J,MATCH(1,(成本核算表!D:D=E18)*(成本核算表!C:C=G18),0))} -> 50 | I18: 400 | J18: =H18*I18 -> 20000 | N18: =J18-M18+L18 -> 20000 | O18: =N18/3600 -> 5.5555556
A19: 46092 | D19: 26020502-01 | E19: 105-330 | F19: 260 | G19: CNC2 | H19: {=INDEX(成本核算表!J:J,MATCH(1,(成本核算表!D:D=E19)*(成本核算表!C:C=G19),0))} -> 60 | I19: 400 | J19: =H19*I19 -> 24000 | N19: =J19-M19+L19 -> 24000 | O19: =N19/3600 -> 6.6666667
A20: 46093 | B20: 11 | C20: =SUM(O20:O21)/B20 -> 0.93939394 | D20: 26022504-03 | E20: 213-553 | F20: 1960 | G20: CNC | H20: {=INDEX(成本核算表!J:J,MATCH(1,(成本核算表!D:D=E20)*(成本核算表!C:C=G20),0))} -> 60 | I20: 227 | J20: =H20*I20 -> 13620 | N20: =J20-M20+L20 -> 13620 | O20: =N20/3600 -> 3.7833333
A21: 46093 | D21: 26022504-04 | E21: 213-553 | F21: 1960 | G21: CNC | H21: {=INDEX(成本核算表!J:J,MATCH(1,(成本核算表!D:D=E21)*(成本核算表!C:C=G21),0))} -> 60 | I21: 393 | J21: =H21*I21 -> 23580 | N21: =J21-M21+L21 -> 23580 | O21: =N21/3600 -> 6.55
A22: 46094 | B22: 11 | C22: =SUM(O22:O23)/B22 -> 1.1050505 | D22: 26020502-01 | E22: 105-330 | F22: 260 | G22: CNC1 | H22: {=INDEX(成本核算表!J:J,MATCH(1,(成本核算表!D:D=E22)*(成本核算表!C:C=G22),0))} -> 50 | I22: 400 | J22: =H22*I22 -> 20000 | N22: =J22-M22+L22 -> 20000 | O22: =N22/3600 -> 5.5555556
A23: 46094 | D23: 26020502-01 | E23: 105-330 | F23: 260 | G23: CNC2 | H23: {=INDEX(成本核算表!J:J,MATCH(1,(成本核算表!D:D=E23)*(成本核算表!C:C=G23),0))} -> 60 | I23: 400 | J23: =H23*I23 -> 24000 | K23: 4 | M23: =K23*H23 -> 240 | N23: =J23-M23+L23 -> 23760 | O23: =N23/3600 -> 6.6
A24: 46095 | B24: 11 | C24: =SUM(O24:O28)/B24 -> 1.1352273 | D24: 25090907-01 | E24: 113-80 | F24: 1942 | G24: 去毛刺 | H24: {=INDEX(成本核算表!J:J,MATCH(1,(成本核算表!D:D=E24)*(成本核算表!C:C=G24),0))} -> 30 | I24: =1487/2 -> 743.5 | J24: =H24*I24 -> 22305 | N24: =J24-M24+L24 -> 22305 | O24: =N24/3600 -> 6.1958333
A25: 46095 | D25: 25090907-02 | E25: 113-80 | F25: 1942 | G25: 去毛刺 | H25: {=INDEX(成本核算表!J:J,MATCH(1,(成本核算表!D:D=E25)*(成本核算表!C:C=G25),0))} -> 30 | I25: =318/2 -> 159 | J25: =H25*I25 -> 4770 | N25: =J25-M25+L25 -> 4770 | O25: =N25/3600 -> 1.325
A26: 46095 | D26: 26022504-03 | E26: 213-553 | F26: 1960 | G26: CNC | H26: {=INDEX(成本核算表!J:J,MATCH(1,(成本核算表!D:D=E26)*(成本核算表!C:C=G26),0))} -> 60 | I26: 73 | J26: =H26*I26 -> 4380 | N26: =J26-M26+L26 -> 4380 | O26: =N26/3600 -> 1.2166667
A27: 46095 | D27: 26022504-04 | E27: 213-553 | F27: 1960 | G27: CNC | H27: {=INDEX(成本核算表!J:J,MATCH(1,(成本核算表!D:D=E27)*(成本核算表!C:C=G27),0))} -> 60 | I27: 106 | J27: =H27*I27 -> 6360 | N27: =J27-M27+L27 -> 6360 | O27: =N27/3600 -> 1.7666667
A28: 46095 | D28: 25070202-10 | E28: 286-398 | F28: 130 | G28: CNC | H28: {=INDEX(成本核算表!J:J,MATCH(1,(成本核算表!D:D=E28)*(成本核算表!C:C=G28),0))} -> 70 | I28: 102 | J28: =H28*I28 -> 7140 | N28: =J28-M28+L28 -> 7140 | O28: =N28/3600 -> 1.9833333
A29: 46096 | B29: 12 | C29: =SUM(O29:O30)/B29 -> 1.0157407 | D29: 26020502-01 | E29: 105-330 | F29: 260 | G29: CNC1 | H29: {=INDEX(成本核算表!J:J,MATCH(1,(成本核算表!D:D=E29)*(成本核算表!C:C=G29),0))} -> 50 | I29: 400 | J29: =H29*I29 -> 20000 | N29: =J29-M29+L29 -> 20000 | O29: =N29/3600 -> 5.5555556
A30: 46096 | D30: 26020502-01 | E30: 105-330 | F30: 260 | G30: CNC2 | H30: {=INDEX(成本核算表!J:J,MATCH(1,(成本核算表!D:D=E30)*(成本核算表!C:C=G30),0))} -> 60 | I30: 400 | J30: =H30*I30 -> 24000 | K30: 2 | M30: =K30*H30 -> 120 | N30: =J30-M30+L30 -> 23880 | O30: =N30/3600 -> 6.6333333
A31: 46097 | B31: 12 | C31: =SUM(O31:O33)/B31 -> 1.1417824 | D31: 26030308-02 | E31: 180-261 | F31: 950 | G31: 冲安装孔 | H31: {=INDEX(成本核算表!J:J,MATCH(1,(成本核算表!D:D=E31)*(成本核算表!C:C=G31),0))} -> 25 | I31: 300 | J31: =H31*I31 -> 7500 | N31: =J31-M31+L31 -> 7500 | O31: =N31/3600 -> 2.0833333
A32: 46097 | D32: 26030303-02 | E32: 180-261 | F32: 950 | G32: 冲安装孔 | H32: {=INDEX(成本核算表!J:J,MATCH(1,(成本核算表!D:D=E32)*(成本核算表!C:C=G32),0))} -> 25 | I32: 1056 | J32: =H32*I32 -> 26400 | N32: =J32-M32+L32 -> 26400 | O32: =N32/3600 -> 7.3333333
A33: 46097 | D33: 26030306-02 | E33: 180-261 | F33: 950 | G33: 冲安装孔 | H33: {=INDEX(成本核算表!J:J,MATCH(1,(成本核算表!D:D=E33)*(成本核算表!C:C=G33),0))} -> 25 | I33: 623 | J33: =H33*I33 -> 15575 | K33: 6 | M33: =K33*H33 -> 150 | N33: =J33-M33+L33 -> 15425 | O33: =N33/3600 -> 4.2847222
A34: 46098 | B34: 12 | C34: =SUM(O34:O35)/B34 -> 1.0092593 | D34: 26020502-01 | E34: 105-330 | F34: 260 | G34: CNC1 | H34: {=INDEX(成本核算表!J:J,MATCH(1,(成本核算表!D:D=E34)*(成本核算表!C:C=G34),0))} -> 50 | I34: 400 | J34: =H34*I34 -> 20000 | K34: 8 | M34: =K34*H34 -> 400 | N34: =J34-M34+L34 -> 19600 | O34: =N34/3600 -> 5.4444444
A35: 46098 | D35: 26020502-01 | E35: 105-330 | F35: 260 | G35: CNC2 | H35: {=INDEX(成本核算表!J:J,MATCH(1,(成本核算表!D:D=E35)*(成本核算表!C:C=G35),0))} -> 60 | I35: 400 | J35: =H35*I35 -> 24000 | N35: =J35-M35+L35 -> 24000 | O35: =N35/3600 -> 6.6666667
A36: 46099 | B36: 12 | C36: =O36/B36 -> 0.91666667 | E36: 180-259 | F36: 1.5 | G36: CNC | H36: {=INDEX(成本核算表!J:J,MATCH(1,(成本核算表!D:D=E36)*(成本核算表!C:C=G36),0))} -> 110 | I36: 360 | J36: =H36*I36 -> 39600 | N36: =J36-M36+L36 -> 39600 | O36: =N36/3600 -> 11
A37: 46100 | B37: 12 | C37: =SUM(O37:O39)/B37 -> 0.94027778 | D37: 26022504-01 | E37: 213-553 | F37: 780 | G37: CNC | H37: {=INDEX(成本核算表!J:J,MATCH(1,(成本核算表!D:D=E37)*(成本核算表!C:C=G37),0))} -> 60 | I37: 26 | J37: =H37*I37 -> 1560 | N37: =J37-M37+L37 -> 1560 | O37: =N37/3600 -> 0.43333333
A38: 46100 | D38: 26022504-04 | E38: 213-553 | F38: 1960 | G38: CNC | H38: {=INDEX(成本核算表!J:J,MATCH(1,(成本核算表!D:D=E38)*(成本核算表!C:C=G38),0))} -> 60 | I38: 382 | J38: =H38*I38 -> 22920 | N38: =J38-M38+L38 -> 22920 | O38: =N38/3600 -> 6.3666667
A39: 46100 | D39: 26022504-03 | E39: 213-553 | F39: 1960 | G39: CNC | H39: {=INDEX(成本核算表!J:J,MATCH(1,(成本核算表!D:D=E39)*(成本核算表!C:C=G39),0))} -> 60 | I39: 269 | J39: =H39*I39 -> 16140 | N39: =J39-M39+L39 -> 16140 | O39: =N39/3600 -> 4.4833333
A40: 46101 | B40: 12 | C40: =SUM(O40:O41)/B40 -> 1.0185185 | D40: 26020502-01 | E40: 105-330 | F40: 260 | G40: CNC1 | H40: {=INDEX(成本核算表!J:J,MATCH(1,(成本核算表!D:D=E40)*(成本核算表!C:C=G40),0))} -> 50 | I40: 400 | J40: =H40*I40 -> 20000 | N40: =J40-M40+L40 -> 20000 | O40: =N40/3600 -> 5.5555556
A41: 46101 | D41: 26020502-01 | E41: 105-330 | F41: 260 | G41: CNC2 | H41: {=INDEX(成本核算表!J:J,MATCH(1,(成本核算表!D:D=E41)*(成本核算表!C:C=G41),0))} -> 60 | I41: 400 | J41: =H41*I41 -> 24000 | N41: =J41-M41+L41 -> 24000 | O41: =N41/3600 -> 6.6666667
H42: {=INDEX(成本核算表!J:J,MATCH(1,(成本核算表!D:D=E42)*(成本核算表!C:C=G42),0))} -> 0 | J42: =H42*I42 -> 0 | N42: =J42-M42+L42 -> 0 | O42: =N42/3600 -> 0
H43: {=INDEX(成本核算表!J:J,MATCH(1,(成本核算表!D:D=E43)*(成本核算表!C:C=G43),0))} -> 0 | J43: =H43*I43 -> 0 | N43: =J43-M43+L43 -> 0 | O43: =N43/3600 -> 0
H44: {=INDEX(成本核算表!J:J,MATCH(1,(成本核算表!D:D=E44)*(成本核算表!C:C=G44),0))} -> 0 | J44: =H44*I44 -> 0 | N44: =J44-M44+L44 -> 0 | O44: =N44/3600 -> 0
H45: {=INDEX(成本核算表!J:J,MATCH(1,(成本核算表!D:D=E45)*(成本核算表!C:C=G45),0))} -> 0 | J45: =H45*I45 -> 0 | N45: =J45-M45+L45 -> 0 | O45: =N45/3600 -> 0
H46: {=INDEX(成本核算表!J:J,MATCH(1,(成本核算表!D:D=E46)*(成本核算表!C:C=G46),0))} -> 0 | J46: =H46*I46 -> 0 | N46: =J46-M46+L46 -> 0 | O46: =N46/3600 -> 0
H47: {=INDEX(成本核算表!J:J,MATCH(1,(成本核算表!D:D=E47)*(成本核算表!C:C=G47),0))} -> 0 | J47: =H47*I47 -> 0 | N47: =J47-M47+L47 -> 0 | O47: =N47/3600 -> 0
H48: {=INDEX(成本核算表!J:J,MATCH(1,(成本核算表!D:D=E48)*(成本核算表!C:C=G48),0))} -> 0 | J48: =H48*I48 -> 0 | N48: =J48-M48+L48 -> 0 | O48: =N48/3600 -> 0
H49: {=INDEX(成本核算表!J:J,MATCH(1,(成本核算表!D:D=E49)*(成本核算表!C:C=G49),0))} -> 0 | J49: =H49*I49 -> 0 | N49: =J49-M49+L49 -> 0 | O49: =N49/3600 -> 0
H50: {=INDEX(成本核算表!J:J,MATCH(1,(成本核算表!D:D=E50)*(成本核算表!C:C=G50),0))} -> 0 | J50: =H50*I50 -> 0 | N50: =J50-M50+L50 -> 0 | O50: =N50/3600 -> 0
H51: {=INDEX(成本核算表!J:J,MATCH(1,(成本核算表!D:D=E51)*(成本核算表!C:C=G51),0))} -> 0 | J51: =H51*I51 -> 0 | N51: =J51-M51+L51 -> 0 | O51: =N51/3600 -> 0
H52: {=INDEX(成本核算表!J:J,MATCH(1,(成本核算表!D:D=E52)*(成本核算表!C:C=G52),0))} -> 0 | J52: =H52*I52 -> 0 | N52: =J52-M52+L52 -> 0 | O52: =N52/3600 -> 0
H53: {=INDEX(成本核算表!J:J,MATCH(1,(成本核算表!D:D=E53)*(成本核算表!C:C=G53),0))} -> 0 | J53: =H53*I53 -> 0 | N53: =J53-M53+L53 -> 0 | O53: =N53/3600 -> 0
... H101: {=INDEX(成本核算表!J:J,MATCH(1,(成本核算表!D:D=E101)*(成本核算表!C:C=G101),0))} -> 0 | J101: =H101*I101 -> 0 | N101: =J101-M101+L101 -> 0 | O101: =N101/3600 -> 0
H102: {=INDEX(成本核算表!J:J,MATCH(1,(成本核算表!D:D=E102)*(成本核算表!C:C=G102),0))} -> 0
H103: {=INDEX(成本核算表!J:J,MATCH(1,(成本核算表!D:D=E103)*(成本核算表!C:C=G103),0))} -> 0
H104: {=INDEX(成本核算表!J:J,MATCH(1,(成本核算表!D:D=E104)*(成本核算表!C:C=G104),0))} -> 0
H105: {=INDEX(成本核算表!J:J,MATCH(1,(成本核算表!D:D=E105)*(成本核算表!C:C=G105),0))} -> 0
H106: {=INDEX(成本核算表!J:J,MATCH(1,(成本核算表!D:D=E106)*(成本核算表!C:C=G106),0))} -> 0
H107: {=INDEX(成本核算表!J:J,MATCH(1,(成本核算表!D:D=E107)*(成本核算表!C:C=G107),0))} -> 0
H108: {=INDEX(成本核算表!J:J,MATCH(1,(成本核算表!D:D=E108)*(成本核算表!C:C=G108),0))} -> 0
H109: {=INDEX(成本核算表!J:J,MATCH(1,(成本核算表!D:D=E109)*(成本核算表!C:C=G109),0))} -> 0
H110: {=INDEX(成本核算表!J:J,MATCH(1,(成本核算表!D:D=E110)*(成本核算表!C:C=G110),0))} -> 0
H111: {=INDEX(成本核算表!J:J,MATCH(1,(成本核算表!D:D=E111)*(成本核算表!C:C=G111),0))} -> 0
H112: {=INDEX(成本核算表!J:J,MATCH(1,(成本核算表!D:D=E112)*(成本核算表!C:C=G112),0))} -> 0
H113: {=INDEX(成本核算表!J:J,MATCH(1,(成本核算表!D:D=E113)*(成本核算表!C:C=G113),0))} -> 0
... H308: {=INDEX(成本核算表!J:J,MATCH(1,(成本核算表!D:D=E308)*(成本核算表!C:C=G308),0))} -> 0

Sheet 尚能群
A1: 日期 | B1: 出勤工时 | C1: 工时效率 | D1: 项目号 | E1: 产品型号 | F1: 长度（mm） | G1: 工序 | H1: 单件标准工时（S/支） | I1: 合格产量（支数） | J1: 合格工时（S） | K1: 个人不良产量（支数） | L1: 加分项 | M1: 减分项 | N1: 考核合计工时（秒） | O1: 合计（小时） | P1: 说明 | Q1: 备注
J2: =H2*I2 -> 0 | N2: =J2-M2+L2 -> 0 | O2: =N2/3600 -> 0
J3: =H3*I3 -> 0 | N3: =J3-M3+L3 -> 0 | O3: =N3/3600 -> 0
J4: =H4*I4 -> 0 | N4: =J4-M4+L4 -> 0 | O4: =N4/3600 -> 0
A5: 46085 | B5: 11 | C5: =SUM(O5:O13)/B5 -> 1.2119949 | D5: 26030302-05 | E5: 180-259 | F5: 950 | G5: 打孔1 | H5: {=INDEX(成本核算表!J:J,MATCH(1,(成本核算表!D:D=E5)*(成本核算表!C:C=G5),0))} -> 15 | I5: 460 | J5: =H5*I5 -> 6900 | N5: =J5-M5+L5 -> 6900 | O5: =N5/3600 -> 1.9166667
A6: 46085 | D6: 26030302-05 | E6: 180-259 | F6: 950 | G6: 打孔2 | H6: {=INDEX(成本核算表!J:J,MATCH(1,(成本核算表!D:D=E6)*(成本核算表!C:C=G6),0))} -> 25 | I6: 460 | J6: =H6*I6 -> 11500 | N6: =J6-M6+L6 -> 11500 | O6: =N6/3600 -> 3.1944444
A7: 46085 | D7: 26030309-07 | E7: 180-259 | F7: 950 | G7: 打孔1 | H7: {=INDEX(成本核算表!J:J,MATCH(1,(成本核算表!D:D=E7)*(成本核算表!C:C=G7),0))} -> 15 | I7: 309 | J7: =H7*I7 -> 4635 | N7: =J7-M7+L7 -> 4635 | O7: =N7/3600 -> 1.2875
A8: 46085 | D8: 26030309-07 | E8: 180-259 | F8: 950 | G8: 打孔2 | H8: {=INDEX(成本核算表!J:J,MATCH(1,(成本核算表!D:D=E8)*(成本核算表!C:C=G8),0))} -> 25 | I8: 304 | J8: =H8*I8 -> 7600 | N8: =J8-M8+L8 -> 7600 | O8: =N8/3600 -> 2.1111111
A9: 46085 | D9: 26030301-05 | E9: 180-259 | F9: 950 | G9: 打孔1 | H9: {=INDEX(成本核算表!J:J,MATCH(1,(成本核算表!D:D=E9)*(成本核算表!C:C=G9),0))} -> 15 | I9: 564 | J9: =H9*I9 -> 8460 | N9: =J9-M9+L9 -> 8460 | O9: =N9/3600 -> 2.35
A10: 46085 | D10: 26022705-08 | E10: 180-259 | F10: 1150 | G10: 打孔1 | H10: {=INDEX(成本核算表!J:J,MATCH(1,(成本核算表!D:D=E10)*(成本核算表!C:C=G10),0))} -> 15 | I10: 385 | J10: =H10*I10 -> 5775 | N10: =J10-M10+L10 -> 5775 | O10: =N10/3600 -> 1.6041667
A11: 46085 | D11: 26022707-08 | E11: 180-259 | F11: 1150 | G11: 打孔1 | H11: {=INDEX(成本核算表!J:J,MATCH(1,(成本核算表!D:D=E11)*(成本核算表!C:C=G11),0))} -> 15 | I11: 75 | J11: =H11*I11 -> 1125 | N11: =J11-M11+L11 -> 1125 | O11: =N11/3600 -> 0.3125
A12: 46085 | D12: 26022708-06 | E12: 180-259 | F12: 1150 | G12: 打孔1 | H12: {=INDEX(成本核算表!J:J,MATCH(1,(成本核算表!D:D=E12)*(成本核算表!C:C=G12),0))} -> 15 | I12: 50 | J12: =H12*I12 -> 750 | N12: =J12-M12+L12 -> 750 | O12: =N12/3600 -> 0.20833333
A13: 46085 | D13: 26022708-06 | E13: 180-259 | F13: 1150 | G13: 打孔2 | H13: {=INDEX(成本核算表!J:J,MATCH(1,(成本核算表!D:D=E13)*(成本核算表!C:C=G13),0))} -> 25 | I13: 50 | J13: =H13*I13 -> 1250 | N13: =J13-M13+L13 -> 1250 | O13: =N13/3600 -> 0.34722222
A14: 46086 | B14: 11 | C14: =O14/B14 -> 0.9469697 | D14: 26011505-01 | E14: 113-78 | F14: 138.8 | G14: CNC | H14: {=INDEX(成本核算表!J:J,MATCH(1,(成本核算表!D:D=E14)*(成本核算表!C:C=G14),0))} -> 300 | I14: 125 | J14: =H14*I14 -> 37500 | M14: =K14*H14 -> 0 | N14: =J14-M14+L14 -> 37500 | O14: =N14/3600 -> 10.416667
A15: 46087 | B15: 11 | C15: =SUM(O15:O17)/B15 -> 1.0362626 | D15: 26011505-01 | E15: 113-78 | F15: 138.8 | G15: CNC | H15: {=INDEX(成本核算表!J:J,MATCH(1,(成本核算表!D:D=E15)*(成本核算表!C:C=G15),0))} -> 300 | I15: 17 | J15: =H15*I15 -> 5100 | N15: =J15-M15+L15 -> 5100 | O15: =N15/3600 -> 1.4166667
A16: 46087 | D16: 26011505-02 | E16: 113-79 | F16: 138.8 | G16: CNC | H16: {=INDEX(成本核算表!J:J,MATCH(1,(成本核算表!D:D=E16)*(成本核算表!C:C=G16),0))} -> 276 | I16: 62 | J16: =H16*I16 -> 17112 | K16: 6 | M16: =K16*H16 -> 1656 | N16: =J16-M16+L16 -> 15456 | O16: =N16/3600 -> 4.2933333
A17: 46087 | E17: 113-54 | F17: 138.8 | G17: CNC | H17: {=INDEX(成本核算表!J:J,MATCH(1,(成本核算表!D:D=E17)*(成本核算表!C:C=G17),0))} -> 160 | I17: =384/3 -> 128 | J17: =H17*I17 -> 20480 | N17: =J17-M17+L17 -> 20480 | O17: =N17/3600 -> 5.6888889
A18: 46088 | B18: 11 | C18: =SUM(O18:O19)/B18 -> 1.3358586 | D18: 26020701-01 | E18: 180-217 | F18: 1633.7 | G18: CNC | H18: {=INDEX(成本核算表!J:J,MATCH(1,(成本核算表!D:D=E18)*(成本核算表!C:C=G18),0))} -> 400 | I18: 78 | J18: =H18*I18 -> 31200 | M18: 14000 | N18: =J18-M18+L18 -> 17200 | O18: =N18/3600 -> 4.7777778
A19: 46088 | D19: 26022505-01 | E19: 258-462 | F19: 140 | G19: CNC2 | H19: {=INDEX(成本核算表!J:J,MATCH(1,(成本核算表!D:D=E19)*(成本核算表!C:C=G19),0))} -> 700 | I19: 51 | J19: =H19*I19 -> 35700 | N19: =J19-M19+L19 -> 35700 | O19: =N19/3600 -> 9.9166667
A20: 46089 | B20: 12 | C20: =SUM(O20:O21)/B20 -> 1.0185185 | D20: 26020502-01 | E20: 105-330 | F20: 260 | G20: CNC1 | H20: {=INDEX(成本核算表!J:J,MATCH(1,(成本核算表!D:D=E20)*(成本核算表!C:C=G20),0))} -> 50 | I20: 400 | J20: =H20*I20 -> 20000 | N20: =J20-M20+L20 -> 20000 | O20: =N20/3600 -> 5.5555556
A21: 46089 | D21: 26020502-01 | E21: 105-330 | F21: 260 | G21: CNC2 | H21: {=INDEX(成本核算表!J:J,MATCH(1,(成本核算表!D:D=E21)*(成本核算表!C:C=G21),0))} -> 60 | I21: 400 | J21: =H21*I21 -> 24000 | N21: =J21-M21+L21 -> 24000 | O21: =N21/3600 -> 6.6666667
A22: 46090 | B22: 12 | C22: =SUM(O22:O23)/B22 -> 1.0020833 | D22: 26030516-03 | E22: 269-390 | G22: CNC1 | H22: {=INDEX(成本核算表!J:J,MATCH(1,(成本核算表!D:D=E22)*(成本核算表!C:C=G22),0))} -> 270 | I22: 43 | J22: =H22*I22 -> 11610 | L22: 27000 | N22: =J22-M22+L22 -> 38610 | O22: =N22/3600 -> 10.725
A23: 46090 | E23: 213-554 | F23: 51.1 | G23: CNC | H23: 18 | I23: 260 | J23: =H23*I23 -> 4680 | N23: =J23-M23+L23 -> 4680 | O23: =N23/3600 -> 1.3
A24: 46091 | B24: 12 | C24: 1.0185185 | D24: 26020502-01 | E24: 105-330 | F24: 260 | G24: CNC1 | H24: 50 | I24: 400 | J24: =H24*I24 -> 20000 | N24: =J24-M24+L24 -> 20000 | O24: =N24/3600 -> 5.5555556
A25: 46091 | D25: 26020502-01 | E25: 105-330 | F25: 260 | G25: CNC2 | H25: 60 | I25: 400 | J25: =H25*I25 -> 24000 | N25: =J25-M25+L25 -> 24000 | O25: =N25/3600 -> 6.6666667
A26: 46092 | B26: 12 | C26: =SUM(O26:O27)/B26 -> 1.1333333 | D26: 26022504-03 | E26: 213-553 | F26: 1960 | G26: CNC | H26: {=INDEX(成本核算表!J:J,MATCH(1,(成本核算表!D:D=E26)*(成本核算表!C:C=G26),0))} -> 60 | I26: 300 | J26: =H26*I26 -> 18000 | N26: =J26-M26+L26 -> 18000 | O26: =N26/3600 -> 5 | Q26: 挑料
A27: 46092 | D27: 26022504-04 | E27: 213-553 | F27: 1960 | G27: CNC | H27: {=INDEX(成本核算表!J:J,MATCH(1,(成本核算表!D:D=E27)*(成本核算表!C:C=G27),0))} -> 60 | I27: 516 | J27: =H27*I27 -> 30960 | N27: =J27-M27+L27 -> 30960 | O27: =N27/3600 -> 8.6
A28: 46093 | B28: 12 | C28: =SUM(O28:O29)/B28 -> 0.85 | D28: 26022504-03 | E28: 213-553 | F28: 1960 | G28: CNC | H28: {=INDEX(成本核算表!J:J,MATCH(1,(成本核算表!D:D=E28)*(成本核算表!C:C=G28),0))} -> 60 | I28: 325 | J28: =H28*I28 -> 19500 | L28: 14400 | N28: =J28-M28+L28 -> 33900 | O28: =N28/3600 -> 9.4166667
A29: 46093 | D29: 26022504-04 | E29: 213-553 | F29: 1960 | G29: CNC | H29: {=INDEX(成本核算表!J:J,MATCH(1,(成本核算表!D:D=E29)*(成本核算表!C:C=G29),0))} -> 60 | I29: 47 | J29: =H29*I29 -> 2820 | N29: =J29-M29+L29 -> 2820 | O29: =N29/3600 -> 0.78333333
H30: {=INDEX(成本核算表!J:J,MATCH(1,(成本核算表!D:D=E30)*(成本核算表!C:C=G30),0))} -> 0 | J30: =H30*I30 -> 0 | N30: =J30-M30+L30 -> 0 | O30: =N30/3600 -> 0
A31: 46095 | B31: 12 | C31: =SUM(O31:O34)/B31 -> 1.0293056 | D31: 26030301-01 | E31: 180-260 | F31: 950 | G31: 冲安装孔 | H31: {=INDEX(成本核算表!J:J,MATCH(1,(成本核算表!D:D=E31)*(成本核算表!C:C=G31),0))} -> 25 | I31: 607 | J31: =H31*I31 -> 15175 | L31: 7200 | N31: =J31-M31+L31 -> 22375 | O31: =N31/3600 -> 6.2152778
A32: 46095 | D32: 26030302-01 | E32: 180-260 | F32: 950 | G32: 冲缺口 | H32: {=INDEX(成本核算表!J:J,MATCH(1,(成本核算表!D:D=E32)*(成本核算表!C:C=G32),0))} -> 12 | I32: 1200 | J32: =H32*I32 -> 14400 | N32: =J32-M32+L32 -> 14400 | O32: =N32/3600 -> 4
A33: 46095 | D33: 26030306-01 | E33: 180-260 | F33: 950 | G33: 冲缺口 | H33: {=INDEX(成本核算表!J:J,MATCH(1,(成本核算表!D:D=E33)*(成本核算表!C:C=G33),0))} -> 12 | I33: 218 | J33: =H33*I33 -> 2616 | N33: =J33-M33+L33 -> 2616 | O33: =N33/3600 -> 0.72666667
A34: 46095 | D34: 26030302-01 | E34: 180-260 | F34: 950 | G34: 冲安装孔 | H34: {=INDEX(成本核算表!J:J,MATCH(1,(成本核算表!D:D=E34)*(成本核算表!C:C=G34),0))} -> 25 | I34: 203 | J34: =H34*I34 -> 5075 | N34: =J34-M34+L34 -> 5075 | O34: =N34/3600 -> 1.4097222
H35: {=INDEX(成本核算表!J:J,MATCH(1,(成本核算表!D:D=E35)*(成本核算表!C:C=G35),0))} -> 0 | J35: =H35*I35 -> 0 | N35: =J35-M35+L35 -> 0 | O35: =N35/3600 -> 0
A36: 46097 | B36: 11 | C36: =SUM(O36:O37)/B36 -> 1.0184848 | E36: 180-260 | F36: 950/1150 | G36: 冲缺口 | H36: {=INDEX(成本核算表!J:J,MATCH(1,(成本核算表!D:D=E36)*(成本核算表!C:C=G36),0))} -> 12 | I36: =80+442+390+346+734+357 -> 2349 | J36: =H36*I36 -> 28188 | N36: =J36-M36+L36 -> 28188 | O36: =N36/3600 -> 7.83
A37: 46097 | E37: 180-263 | F37: 1150 | G37: 冲缺口 | H37: {=INDEX(成本核算表!J:J,MATCH(1,(成本核算表!D:D=E37)*(成本核算表!C:C=G37),0))} -> 12 | I37: 1012 | J37: =H37*I37 -> 12144 | N37: =J37-M37+L37 -> 12144 | O37: =N37/3600 -> 3.3733333
A38: 46098 | B38: 11 | C38: =SUM(O38:O39)/B38 -> 1.0115152 | E38: 180-260 | F38: 950/1150 | G38: 冲缺口 | H38: {=INDEX(成本核算表!J:J,MATCH(1,(成本核算表!D:D=E38)*(成本核算表!C:C=G38),0))} -> 12 | I38: =746+290+500+500+473 -> 2509 | J38: =H38*I38 -> 30108 | N38: =J38-M38+L38 -> 30108 | O38: =N38/3600 -> 8.3633333
A39: 46098 | E39: 180-263 | F39: 1150 | G39: 冲缺口 | H39: {=INDEX(成本核算表!J:J,MATCH(1,(成本核算表!D:D=E39)*(成本核算表!C:C=G39),0))} -> 12 | I39: 529 | J39: =H39*I39 -> 6348 | L39: 3600 | N39: =J39-M39+L39 -> 9948 | O39: =N39/3600 -> 2.7633333
A40: 46099 | H40: {=INDEX(成本核算表!J:J,MATCH(1,(成本核算表!D:D=E40)*(成本核算表!C:C=G40),0))} -> 0 | J40: =H40*I40 -> 0 | L40: =4*3600 -> 14400 | N40: =J40-M40+L40 -> 14400 | O40: =N40/3600 -> 4 | Q40: 整形
A41: 46100 | B41: 11 | C41: =O41/B41 -> 0.93636364 | D41: 26030903-01 | E41: 222-148*2400 | F41: 2400 | G41: CNC | H41: {=INDEX(成本核算表!J:J,MATCH(1,(成本核算表!D:D=E41)*(成本核算表!C:C=G41),0))} -> 240 | I41: 138 | J41: =H41*I41 -> 33120 | K41: 6 | L41: =1.5*3600 -> 5400 | M41: =K41*H41 -> 1440 | N41: =J41-M41+L41 -> 37080 | O41: =N41/3600 -> 10.3
A42: 46101 | B42: 11 | C42: =O42/B42 -> 1.130303 | D42: 26030903-01 | E42: 222-148*2400 | F42: 2400 | G42: CNC | H42: {=INDEX(成本核算表!J:J,MATCH(1,(成本核算表!D:D=E42)*(成本核算表!C:C=G42),0))} -> 240 | I42: 164 | J42: =H42*I42 -> 39360 | L42: 5400 | N42: =J42-M42+L42 -> 44760 | O42: =N42/3600 -> 12.433333
H43: {=INDEX(成本核算表!J:J,MATCH(1,(成本核算表!D:D=E43)*(成本核算表!C:C=G43),0))} -> 0 | J43: =H43*I43 -> 0 | N43: =J43-M43+L43 -> 0 | O43: =N43/3600 -> 0
H44: {=INDEX(成本核算表!J:J,MATCH(1,(成本核算表!D:D=E44)*(成本核算表!C:C=G44),0))} -> 0 | J44: =H44*I44 -> 0 | N44: =J44-M44+L44 -> 0 | O44: =N44/3600 -> 0
H45: {=INDEX(成本核算表!J:J,MATCH(1,(成本核算表!D:D=E45)*(成本核算表!C:C=G45),0))} -> 0 | J45: =H45*I45 -> 0 | N45: =J45-M45+L45 -> 0 | O45: =N45/3600 -> 0
H46: {=INDEX(成本核算表!J:J,MATCH(1,(成本核算表!D:D=E46)*(成本核算表!C:C=G46),0))} -> 0 | J46: =H46*I46 -> 0 | N46: =J46-M46+L46 -> 0 | O46: =N46/3600 -> 0
H47: {=INDEX(成本核算表!J:J,MATCH(1,(成本核算表!D:D=E47)*(成本核算表!C:C=G47),0))} -> 0 | J47: =H47*I47 -> 0 | N47: =J47-M47+L47 -> 0 | O47: =N47/3600 -> 0
H48: {=INDEX(成本核算表!J:J,MATCH(1,(成本核算表!D:D=E48)*(成本核算表!C:C=G48),0))} -> 0 | J48: =H48*I48 -> 0 | N48: =J48-M48+L48 -> 0 | O48: =N48/3600 -> 0
H49: {=INDEX(成本核算表!J:J,MATCH(1,(成本核算表!D:D=E49)*(成本核算表!C:C=G49),0))} -> 0 | J49: =H49*I49 -> 0 | N49: =J49-M49+L49 -> 0 | O49: =N49/3600 -> 0
H50: {=INDEX(成本核算表!J:J,MATCH(1,(成本核算表!D:D=E50)*(成本核算表!C:C=G50),0))} -> 0 | J50: =H50*I50 -> 0 | N50: =J50-M50+L50 -> 0 | O50: =N50/3600 -> 0
H51: {=INDEX(成本核算表!J:J,MATCH(1,(成本核算表!D:D=E51)*(成本核算表!C:C=G51),0))} -> 0 | J51: =H51*I51 -> 0 | N51: =J51-M51+L51 -> 0 | O51: =N51/3600 -> 0
H52: {=INDEX(成本核算表!J:J,MATCH(1,(成本核算表!D:D=E52)*(成本核算表!C:C=G52),0))} -> 0 | J52: =H52*I52 -> 0 | N52: =J52-M52+L52 -> 0 | O52: =N52/3600 -> 0
H53: {=INDEX(成本核算表!J:J,MATCH(1,(成本核算表!D:D=E53)*(成本核算表!C:C=G53),0))} -> 0 | J53: =H53*I53 -> 0 | N53: =J53-M53+L53 -> 0 | O53: =N53/3600 -> 0
H54: {=INDEX(成本核算表!J:J,MATCH(1,(成本核算表!D:D=E54)*(成本核算表!C:C=G54),0))} -> 0 | J54: =H54*I54 -> 0 | N54: =J54-M54+L54 -> 0 | O54: =N54/3600 -> 0
... H101: {=INDEX(成本核算表!J:J,MATCH(1,(成本核算表!D:D=E101)*(成本核算表!C:C=G101),0))} -> 0 | J101: =H101*I101 -> 0 | N101: =J101-M101+L101 -> 0 | O101: =N101/3600 -> 0

Sheet 谭术林
A1: 日期 | B1: 出勤工时 | C1: 工时效率 | D1: 项目号 | E1: 产品型号 | F1: 长度（mm） | G1: 工序 | H1: 单件标准工时（S/支） | I1: 合格产量（支数） | J1: 合格工时（S） | K1: 个人不良产量（支数） | L1: 加分项 | M1: 减分项 | N1: 考核合计工时（秒） | O1: 合计（小时） | P1: 说明 | Q1: 备注
A2: 46082 | B2: 9.5 | C2: =SUM(O2:O4)/B2 -> 1.0432749 | D2: 26020903-01 | E2: 213-609 | F2: 2000 | G2: CNC | H2: {=INDEX(成本核算表!J:J,MATCH(1,(成本核算表!D:D=E2)*(成本核算表!C:C=G2),0))} -> 150 | I2: 33 | J2: =H2*I2 -> 4950 | N2: =J2-M2+L2 -> 4950 | O2: =N2/3600 -> 1.375
A3: 46082 | D3: 26012102-04 | E3: 269-389 | F3: 373 | G3: CNC | H3: 210 | I3: 93 | J3: =H3*I3 -> 19530 | N3: =J3-M3+L3 -> 19530 | O3: =N3/3600 -> 5.425
A4: 46082 | D4: 25090202-15 | E4: 286-473 | F4: 190 | G4: CNC | H4: {=INDEX(成本核算表!J:J,MATCH(1,(成本核算表!D:D=E4)*(成本核算表!C:C=G4),0))} -> 160 | I4: 70 | J4: =H4*I4 -> 11200 | N4: =J4-M4+L4 -> 11200 | O4: =N4/3600 -> 3.1111111
A5: 46083 | B5: 12 | C5: =SUM(O5:O6)/B5 -> 0.68287037 | D5: 26022710-07 | E5: 180-259 | F5: 950 | G5: 端铣 | H5: {=INDEX(成本核算表!J:J,MATCH(1,(成本核算表!D:D=E5)*(成本核算表!C:C=G5),0))} -> 20 | I5: =2160/2 -> 1080 | J5: =H5*I5 -> 21600 | N5: =J5-M5+L5 -> 21600 | O5: =N5/3600 -> 6
A6: 46083 | E6: 286-337 | G6: 打孔 | H6: {=INDEX(成本核算表!J:J,MATCH(1,(成本核算表!D:D=E6)*(成本核算表!C:C=G6),0))} -> 100 | I6: =158/2 -> 79 | J6: =H6*I6 -> 7900 | N6: =J6-M6+L6 -> 7900 | O6: =N6/3600 -> 2.1944444
A7: 46084 | B7: 12 | C7: =SUM(O7:O10)/B7 -> 0.57523148 | E7: 286-337 | G7: 打孔 | H7: {=INDEX(成本核算表!J:J,MATCH(1,(成本核算表!D:D=E7)*(成本核算表!C:C=G7),0))} -> 100 | I7: =55/2 -> 27.5 | J7: =H7*I7 -> 2750 | N7: =J7-M7+L7 -> 2750 | O7: =N7/3600 -> 0.76388889
A8: 46084 | D8: 26022708-05 | E8: 180-259 | F8: 950 | G8: 端铣 | H8: {=INDEX(成本核算表!J:J,MATCH(1,(成本核算表!D:D=E8)*(成本核算表!C:C=G8),0))} -> 20 | I8: =1030/2 -> 515 | J8: =H8*I8 -> 10300 | N8: =J8-M8+L8 -> 10300 | O8: =N8/3600 -> 2.8611111
A9: 46084 | D9: 26022708-08 | E9: 180-259 | F9: 1150 | G9: 端铣 | H9: {=INDEX(成本核算表!J:J,MATCH(1,(成本核算表!D:D=E9)*(成本核算表!C:C=G9),0))} -> 20 | I9: 15 | J9: =H9*I9 -> 300 | N9: =J9-M9+L9 -> 300 | O9: =N9/3600 -> 0.083333333
A10: 46084 | D10: 26022708-06 | E10: 180-259 | F10: 1150 | G10: 端铣 | H10: {=INDEX(成本核算表!J:J,MATCH(1,(成本核算表!D:D=E10)*(成本核算表!C:C=G10),0))} -> 20 | I10: =1150/2 -> 575 | J10: =H10*I10 -> 11500 | N10: =J10-M10+L10 -> 11500 | O10: =N10/3600 -> 3.1944444
A11: 46085 | B11: 12 | C11: =SUM(O11:O17)/B11 -> 0.97962963 | E11: 286-467 | F11: 1370 | G11: CNC | H11: {=INDEX(成本核算表!J:J,MATCH(1,(成本核算表!D:D=E11)*(成本核算表!C:C=G11),0))} -> 100 | I11: 20 | J11: =H11*I11 -> 2000 | L11: 14400 | N11: =J11-M11+L11 -> 16400 | O11: =N11/3600 -> 4.5555556
A12: 46085 | E12: 286-467 | F12: 1860 | G12: CNC | H12: {=INDEX(成本核算表!J:J,MATCH(1,(成本核算表!D:D=E12)*(成本核算表!C:C=G12),0))} -> 100 | I12: 28 | J12: =H12*I12 -> 2800 | N12: =J12-M12+L12 -> 2800 | O12: =N12/3600 -> 0.77777778
A13: 46085 | E13: 286-467 | F13: 255 | G13: CNC | H13: {=INDEX(成本核算表!J:J,MATCH(1,(成本核算表!D:D=E13)*(成本核算表!C:C=G13),0))} -> 100 | I13: 8 | J13: =H13*I13 -> 800 | N13: =J13-M13+L13 -> 800 | O13: =N13/3600 -> 0.22222222
A14: 46085 | E14: 286-355 | F14: 400 | G14: CNC1 | H14: {=INDEX(成本核算表!J:J,MATCH(1,(成本核算表!D:D=E14)*(成本核算表!C:C=G14),0))} -> 210 | I14: 36 | J14: =H14*I14 -> 7560 | N14: =J14-M14+L14 -> 7560 | O14: =N14/3600 -> 2.1
A15: 46085 | E15: 门小料 | F15: 400 | G15: 端铣 | H15: {=INDEX(成本核算表!J:J,MATCH(1,(成本核算表!D:D=E15)*(成本核算表!C:C=G15),0))} -> 45 | I15: 36 | J15: =H15*I15 -> 1620 | N15: =J15-M15+L15 -> 1620 | O15: =N15/3600 -> 0.45
A16: 46085 | E16: 286-356 | F16: 400 | G16: CNC1 | H16: {=INDEX(成本核算表!J:J,MATCH(1,(成本核算表!D:D=E16)*(成本核算表!C:C=G16),0))} -> 260 | I16: 36 | J16: =H16*I16 -> 9360 | N16: =J16-M16+L16 -> 9360 | O16: =N16/3600 -> 2.6
A17: 46085 | E17: 门小件 | G17: 端铣 | H17: 45 | I17: 84 | J17: =H17*I17 -> 3780 | N17: =J17-M17+L17 -> 3780 | O17: =N17/3600 -> 1.05
A18: 46086 | B18: 12 | C18: =SUM(O18:O22)/B18 -> 0.93240741 | E18: 286-473 | G18: CNC | H18: {=INDEX(成本核算表!J:J,MATCH(1,(成本核算表!D:D=E18)*(成本核算表!C:C=G18),0))} -> 160 | I18: =22+28+14+18+14 -> 96 | J18: =H18*I18 -> 15360 | N18: =J18-M18+L18 -> 15360 | O18: =N18/3600 -> 4.2666667
A19: 46086 | E19: 286-337 | G19: 端铣 | H19: {=INDEX(成本核算表!J:J,MATCH(1,(成本核算表!D:D=E19)*(成本核算表!C:C=G19),0))} -> 120 | I19: =38+33 -> 71 | J19: =H19*I19 -> 8520 | N19: =J19-M19+L19 -> 8520 | O19: =N19/3600 -> 2.3666667
A20: 46086 | E20: 286-355 | G20: CNC1 | H20: {=INDEX(成本核算表!J:J,MATCH(1,(成本核算表!D:D=E20)*(成本核算表!C:C=G20),0))} -> 210 | I20: 20 | J20: =H20*I20 -> 4200 | N20: =J20-M20+L20 -> 4200 | O20: =N20/3600 -> 1.1666667
A21: 46086 | E21: 286-356 | G21: CNC1 | H21: {=INDEX(成本核算表!J:J,MATCH(1,(成本核算表!D:D=E21)*(成本核算表!C:C=G21),0))} -> 260 | I21: 40 | J21: =H21*I21 -> 10400 | N21: =J21-M21+L21 -> 10400 | O21: =N21/3600 -> 2.8888889
A22: 46086 | E22: 门小件 | G22: 端铣 | H22: 45 | I22: 40 | J22: =H22*I22 -> 1800 | N22: =J22-M22+L22 -> 1800 | O22: =N22/3600 -> 0.5
A23: 46087 | B23: 12 | C23: =SUM(O23:O24)/B23 -> 0.99953704 | E23: 286-424 | G23: 打孔 | H23: {=INDEX(成本核算表!J:J,MATCH(1,(成本核算表!D:D=E23)*(成本核算表!C:C=G23),0))} -> 100 | I23: =10+14+4+25+32+10+27+34+10 -> 166 | J23: =H23*I23 -> 16600 | L23: 25200 | N23: =J23-M23+L23 -> 41800 | O23: =N23/3600 -> 11.611111
A24: 46087 | E24: 扣条 | G24: 冲孔 | H24: {=INDEX(成本核算表!J:J,MATCH(1,(成本核算表!D:D=E24)*(成本核算表!C:C=G24),0))} -> 30 | I24: 46 | J24: =H24*I24 -> 1380 | N24: =J24-M24+L24 -> 1380 | O24: =N24/3600 -> 0.38333333
A25: 46088 | B25: 12 | C25: =SUM(O25:O29)/B25 -> 1.0094907 | E25: 286-355 | G25: CNC1 | H25: {=INDEX(成本核算表!J:J,MATCH(1,(成本核算表!D:D=E25)*(成本核算表!C:C=G25),0))} -> 210 | I25: =6+14+6+37+8 -> 71 | J25: =H25*I25 -> 14910 | N25: =J25-M25+L25 -> 14910 | O25: =N25/3600 -> 4.1416667
A26: 46088 | E26: 门小件 | G26: 端铣 | H26: 45 | I26: 52 | J26: =H26*I26 -> 2340 | N26: =J26-M26+L26 -> 2340 | O26: =N26/3600 -> 0.65
A27: 46088 | D27: 26030516-02 | E27: 269-390 | F27: 380.85 | G27: CNC | H27: {=INDEX(成本核算表!J:J,MATCH(1,(成本核算表!D:D=E27)*(成本核算表!C:C=G27),0))} -> 360 | I27: 25 | J27: =H27*I27 -> 9000 | N27: =J27-M27+L27 -> 9000 | O27: =N27/3600 -> 2.5
A28: 46088 | E28: 286-337 | G28: 打孔 | H28: {=INDEX(成本核算表!J:J,MATCH(1,(成本核算表!D:D=E28)*(成本核算表!C:C=G28),0))} -> 100 | I28: =23+26+26+8+5+3+10+5 -> 106 | J28: =H28*I28 -> 10600 | N28: =J28-M28+L28 -> 10600 | O28: =N28/3600 -> 2.9444444
A29: 46088 | E29: 286-356 | G29: CNC1 | H29: {=INDEX(成本核算表!J:J,MATCH(1,(成本核算表!D:D=E29)*(成本核算表!C:C=G29),0))} -> 260 | I29: =6+6+8+6 -> 26 | J29: =H29*I29 -> 6760 | N29: =J29-M29+L29 -> 6760 | O29: =N29/3600 -> 1.8777778
J30: =H30*I30 -> 0 | N30: =J30-M30+L30 -> 0 | O30: =N30/3600 -> 0
A31: 46090 | B31: 11 | C31: =SUM(O31:O32)/B31 -> 1.0155303 | D31: 26020502-02 | E31: 105-331 | F31: 119.5 | G31: 倒角 | H31: {=INDEX(成本核算表!J:J,MATCH(1,(成本核算表!D:D=E31)*(成本核算表!C:C=G31),0))} -> 15 | I31: 2585 | J31: =H31*I31 -> 38775 | N31: =J31-M31+L31 -> 38775 | O31: =N31/3600 -> 10.770833
A32: 46090 | E32: 286-337 | F32: 140 | G32: 端铣 | H32: {=INDEX(成本核算表!J:J,MATCH(1,(成本核算表!D:D=E32)*(成本核算表!C:C=G32),0))} -> 120 | I32: 12 | J32: =H32*I32 -> 1440 | N32: =J32-M32+L32 -> 1440 | O32: =N32/3600 -> 0.4
A33: 46091 | B33: 11 | C33: =SUM(O33:O34)/B33 -> 1.1393939 | D33: 26020502-02 | E33: 105-331 | F33: 119.5 | G33: 倒角 | H33: {=INDEX(成本核算表!J:J,MATCH(1,(成本核算表!D:D=E33)*(成本核算表!C:C=G33),0))} -> 15 | I33: 2560 | J33: =H33*I33 -> 38400 | N33: =J33-M33+L33 -> 38400 | O33: =N33/3600 -> 10.666667
A34: 46091 | E34: 286-337 | F34: 140 | G34: 端铣 | H34: {=INDEX(成本核算表!J:J,MATCH(1,(成本核算表!D:D=E34)*(成本核算表!C:C=G34),0))} -> 120 | I34: 56 | J34: =H34*I34 -> 6720 | N34: =J34-M34+L34 -> 6720 | O34: =N34/3600 -> 1.8666667
A35: 46092 | B35: 11 | C35: =SUM(O35:O36)/B35 -> 1.4727273 | D35: 26020502-02 | E35: 105-331 | F35: 119.5 | G35: 倒角 | H35: {=INDEX(成本核算表!J:J,MATCH(1,(成本核算表!D:D=E35)*(成本核算表!C:C=G35),0))} -> 15 | I35: 2688 | J35: =H35*I35 -> 40320 | N35: =J35-M35+L35 -> 40320 | O35: =N35/3600 -> 11.2
A36: 46093 | B36: 11 | C36: =SUM(O36:O39)/B36 -> 0.91136364 | D36: 别墅梯 | E36: 286-337 | G36: 端铣 | H36: {=INDEX(成本核算表!J:J,MATCH(1,(成本核算表!D:D=E36)*(成本核算表!C:C=G36),0))} -> 120 | I36: =57+21+28+18+20+6 -> 150 | J36: =H36*I36 -> 18000 | N36: =J36-M36+L36 -> 18000 | O36: =N36/3600 -> 5
A37: 46093 | D37: 别墅梯 | E37: 门小件 | G37: 端铣 | H37: 45 | I37: 36 | J37: =H37*I37 -> 1620 | N37: =J37-M37+L37 -> 1620 | O37: =N37/3600 -> 0.45
A38: 46093 | D38: 别墅梯 | E38: 扣条 | G38: 冲孔 | H38: {=INDEX(成本核算表!J:J,MATCH(1,(成本核算表!D:D=E38)*(成本核算表!C:C=G38),0))} -> 30 | I38: 8 | J38: =H38*I38 -> 240 | N38: =J38-M38+L38 -> 240 | O38: =N38/3600 -> 0.066666667
A39: 46093 | D39: 别墅梯 | E39: 扣条 | G39: 冲孔 | H39: {=INDEX(成本核算表!J:J,MATCH(1,(成本核算表!D:D=E39)*(成本核算表!C:C=G39),0))} -> 30 | I39: 541 | J39: =H39*I39 -> 16230 | N39: =J39-M39+L39 -> 16230 | O39: =N39/3600 -> 4.5083333
A40: 46094 | B40: 11 | C40: =SUM(O40:O41)/B40 -> 0.9969697 | D40: 26020502-02 | E40: 105-331 | F40: 119.5 | G40: 倒角 | H40: {=INDEX(成本核算表!J:J,MATCH(1,(成本核算表!D:D=E40)*(成本核算表!C:C=G40),0))} -> 15 | I40: 272 | J40: =H40*I40 -> 4080 | L40: 14400 | N40: =J40-M40+L40 -> 18480 | O40: =N40/3600 -> 5.1333333
A41: 46094 | D41: 26020502-02 | E41: 105-331 | F41: 119.5 | G41: 沉孔 | H41: {=INDEX(成本核算表!J:J,MATCH(1,(成本核算表!D:D=E41)*(成本核算表!C:C=G41),0))} -> 12 | I41: 1750 | J41: =H41*I41 -> 21000 | N41: =J41-M41+L41 -> 21000 | O41: =N41/3600 -> 5.8333333
A42: 46095 | B42: 11 | C42: =SUM(O42:O45)/B42 -> 1.0165404 | D42: 26030309-08 | E42: 180-259 | F42: 950 | G42: 端铣 | H42: {=INDEX(成本核算表!J:J,MATCH(1,(成本核算表!D:D=E42)*(成本核算表!C:C=G42),0))} -> 20 | I42: 619 | J42: =H42*I42 -> 12380 | N42: =J42-M42+L42 -> 12380 | O42: =N42/3600 -> 3.4388889
A43: 46095 | D43: 26030309-09 | E43: 180-259 | F43: 1150 | G43: 端铣 | H43: {=INDEX(成本核算表!J:J,MATCH(1,(成本核算表!D:D=E43)*(成本核算表!C:C=G43),0))} -> 20 | I43: 259 | J43: =H43*I43 -> 5180 | N43: =J43-M43+L43 -> 5180 | O43: =N43/3600 -> 1.4388889
A44: 46095 | D44: 别墅梯 | E44: 286-337 | G44: 端铣 | H44: {=INDEX(成本核算表!J:J,MATCH(1,(成本核算表!D:D=E44)*(成本核算表!C:C=G44),0))} -> 120 | I44: =56+31+30+26 -> 143 | J44: =H44*I44 -> 17160 | N44: =J44-M44+L44 -> 17160 | O44: =N44/3600 -> 4.7666667
A45: 46095 | D45: 别墅梯 | E45: 门小件 | G45: 端铣 | H45: 45 | I45: =63+60 -> 123 | J45: =H45*I45 -> 5535 | N45: =J45-M45+L45 -> 5535 | O45: =N45/3600 -> 1.5375
A46: 46096 | B46: 11 | C46: =SUM(O46:O51)/B46 -> 0.99242424 | D46: 别墅梯 | E46: 286-355 | G46: CNC1 | H46: {=INDEX(成本核算表!J:J,MATCH(1,(成本核算表!D:D=E46)*(成本核算表!C:C=G46),0))} -> 210 | I46: 20 | J46: =H46*I46 -> 4200 | N46: =J46-M46+L46 -> 4200 | O46: =N46/3600 -> 1.1666667
A47: 46096 | D47: 别墅梯 | E47: 286-355 | G47: CNC2 | H47: {=INDEX(成本核算表!J:J,MATCH(1,(成本核算表!D:D=E47)*(成本核算表!C:C=G47),0))} -> 25 | I47: 20 | J47: =H47*I47 -> 500 | N47: =J47-M47+L47 -> 500 | O47: =N47/3600 -> 0.13888889
A48: 46096 | D48: 别墅梯 | E48: 286-356 | G48: CNC1 | H48: {=INDEX(成本核算表!J:J,MATCH(1,(成本核算表!D:D=E48)*(成本核算表!C:C=G48),0))} -> 260 | I48: 20 | J48: =H48*I48 -> 5200 | N48: =J48-M48+L48 -> 5200 | O48: =N48/3600 -> 1.4444444
A49: 46096 | D49: 别墅梯 | E49: 286-355 | G49: CNC1 | H49: {=INDEX(成本核算表!J:J,MATCH(1,(成本核算表!D:D=E49)*(成本核算表!C:C=G49),0))} -> 210 | I49: 40 | J49: =H49*I49 -> 8400 | N49: =J49-M49+L49 -> 8400 | O49: =N49/3600 -> 2.3333333
A50: 46096 | D50: 26012605-07 | E50: 269-394 | F50: 244 | G50: 端铣 | H50: {=INDEX(成本核算表!J:J,MATCH(1,(成本核算表!D:D=E50)*(成本核算表!C:C=G50),0))} -> 60 | I50: 70 | J50: =H50*I50 -> 4200 | N50: =J50-M50+L50 -> 4200 | O50: =N50/3600 -> 1.1666667
A51: 46096 | D51: 26020502-02 | E51: 105-331 | F51: 119.5 | G51: 倒角 | H51: {=INDEX(成本核算表!J:J,MATCH(1,(成本核算表!D:D=E51)*(成本核算表!C:C=G51),0))} -> 15 | I51: 1120 | J51: =H51*I51 -> 16800 | N51: =J51-M51+L51 -> 16800 | O51: =N51/3600 -> 4.6666667
A52: 46097 | B52: 12 | C52: =SUM(O52:O54)/B52 -> 0.97171296 | D52: 26012605-07 | E52: 269-394 | F52: 243.5 | G52: CNC | H52: {=INDEX(成本核算表!J:J,MATCH(1,(成本核算表!D:D=E52)*(成本核算表!C:C=G52),0))} -> 500 | I52: 63 | J52: =H52*I52 -> 31500 | K52: 14 | M52: =K52*I52 -> 882 | N52: =J52-M52+L52 -> 30618 | O52: =N52/3600 -> 8.505
A53: 46097 | D53: 26031607-03 | E53: 269-373 | F53: 133 | G53: CNC | H53: {=INDEX(成本核算表!J:J,MATCH(1,(成本核算表!D:D=E53)*(成本核算表!C:C=G53),0))} -> 40 | I53: 44 | J53: =H53*I53 -> 1760 | N53: =J53-M53+L53 -> 1760 | O53: =N53/3600 -> 0.48888889
A54: 46097 | D54: 25090202-15 | E54: 286-473 | F54: 190 | G54: CNC | H54: {=INDEX(成本核算表!J:J,MATCH(1,(成本核算表!D:D=E54)*(成本核算表!C:C=G54),0))} -> 160 | I54: 60 | J54: =H54*I54 -> 9600 | N54: =J54-M54+L54 -> 9600 | O54: =N54/3600 -> 2.6666667
A55: 46098 | B55: 12 | C55: =SUM(O55:O57)/B55 -> 0.76111111 | D55: 别墅梯 | E55: 286-337 | G55: 端铣 | H55: {=INDEX(成本核算表!J:J,MATCH(1,(成本核算表!D:D=E55)*(成本核算表!C:C=G55),0))} -> 120 | I55: =28+26+8 -> 62 | J55: =H55*I55 -> 7440 | L55: 14400 | N55: =J55-M55+L55 -> 21840 | O55: =N55/3600 -> 6.0666667 | Q55: 别墅梯加工多岗
A56: 46098 | D56: 别墅梯 | E56: 门小件 | G56: 端铣 | H56: 45 | I56: 60 | J56: =H56*I56 -> 2700 | N56: =J56-M56+L56 -> 2700 | O56: =N56/3600 -> 0.75
A57: 46098 | D57: 别墅梯 | E57: 扣条 | G57: 冲孔 | H57: {=INDEX(成本核算表!J:J,MATCH(1,(成本核算表!D:D=E57)*(成本核算表!C:C=G57),0))} -> 30 | I57: 278 | J57: =H57*I57 -> 8340 | N57: =J57-M57+L57 -> 8340 | O57: =N57/3600 -> 2.3166667
A58: 46099 | B58: 12 | C58: =SUM(O58:O59)/B58 -> 1.0826389 | D58: 别墅梯 | E58: 286-337 | G58: 端铣 | H58: {=INDEX(成本核算表!J:J,MATCH(1,(成本核算表!D:D=E58)*(成本核算表!C:C=G58),0))} -> 120 | I58: =75+64+32+30 -> 201 | J58: =H58*I58 -> 24120 | N58: =J58-M58+L58 -> 24120 | O58: =N58/3600 -> 6.7
A59: 46099 | D59: 26020502-02 | E59: 105-331 | F59: 119.5 | G59: 倒角 | H59: {=INDEX(成本核算表!J:J,MATCH(1,(成本核算表!D:D=E59)*(成本核算表!C:C=G59),0))} -> 15 | I59: 1510 | J59: =H59*I59 -> 22650 | N59: =J59-M59+L59 -> 22650 | O59: =N59/3600 -> 6.2916667
A60: 46100 | B60: 12 | C60: =SUM(O60:O61)/B60 -> 1.1252315 | D60: 别墅梯 | E60: 286-337 | G60: 打孔 | H60: {=INDEX(成本核算表!J:J,MATCH(1,(成本核算表!D:D=E60)*(成本核算表!C:C=G60),0))} -> 100 | I60: =28+32+10+28+32+10+26+21+4+4+88 -> 283 | J60: =H60*I60 -> 28300 | N60: =J60-M60+L60 -> 28300 | O60: =N60/3600 -> 7.8611111
A61: 46100 | D61: 26020502-02 | E61: 105-331 | F61: 119.5 | G61: 倒角 | H61: {=INDEX(成本核算表!J:J,MATCH(1,(成本核算表!D:D=E61)*(成本核算表!C:C=G61),0))} -> 15 | I61: 1354 | J61: =H61*I61 -> 20310 | N61: =J61-M61+L61 -> 20310 | O61: =N61/3600 -> 5.6416667
A62: 46101 | B62: 12 | C62: =SUM(O62:O64)/B62 -> 1.0027778 | D62: 别墅梯 | E62: 286-337 | G62: 打孔 | H62: {=INDEX(成本核算表!J:J,MATCH(1,(成本核算表!D:D=E62)*(成本核算表!C:C=G62),0))} -> 100 | I62: =16+18+28+30+4 -> 96 | J62: =H62*I62 -> 9600 | L62: 7200 | N62: =J62-M62+L62 -> 16800 | O62: =N62/3600 -> 4.6666667 | Q62: 别墅梯加工多岗
A63: 46101 | D63: 别墅梯 | E63: 286-337 | G63: 端铣 | H63: {=INDEX(成本核算表!J:J,MATCH(1,(成本核算表!D:D=E63)*(成本核算表!C:C=G63),0))} -> 120 | I63: =16+18+28+30+4 -> 96 | J63: =H63*I63 -> 11520 | N63: =J63-M63+L63 -> 11520 | O63: =N63/3600 -> 3.2
A64: 46101 | D64: 26020502-02 | E64: 105-331 | F64: 119.5 | G64: 倒角 | H64: {=INDEX(成本核算表!J:J,MATCH(1,(成本核算表!D:D=E64)*(成本核算表!C:C=G64),0))} -> 15 | I64: 1000 | J64: =H64*I64 -> 15000 | N64: =J64-M64+L64 -> 15000 | O64: =N64/3600 -> 4.1666667
H65: {=INDEX(成本核算表!J:J,MATCH(1,(成本核算表!D:D=E65)*(成本核算表!C:C=G65),0))} -> 0 | J65: =H65*I65 -> 0 | N65: =J65-M65+L65 -> 0 | O65: =N65/3600 -> 0
H66: {=INDEX(成本核算表!J:J,MATCH(1,(成本核算表!D:D=E66)*(成本核算表!C:C=G66),0))} -> 0 | J66: =H66*I66 -> 0 | N66: =J66-M66+L66 -> 0 | O66: =N66/3600 -> 0
H67: {=INDEX(成本核算表!J:J,MATCH(1,(成本核算表!D:D=E67)*(成本核算表!C:C=G67),0))} -> 0 | J67: =H67*I67 -> 0 | N67: =J67-M67+L67 -> 0 | O67: =N67/3600 -> 0
H68: {=INDEX(成本核算表!J:J,MATCH(1,(成本核算表!D:D=E68)*(成本核算表!C:C=G68),0))} -> 0 | J68: =H68*I68 -> 0 | N68: =J68-M68+L68 -> 0 | O68: =N68/3600 -> 0
H69: {=INDEX(成本核算表!J:J,MATCH(1,(成本核算表!D:D=E69)*(成本核算表!C:C=G69),0))} -> 0 | J69: =H69*I69 -> 0 | N69: =J69-M69+L69 -> 0 | O69: =N69/3600 -> 0
H70: {=INDEX(成本核算表!J:J,MATCH(1,(成本核算表!D:D=E70)*(成本核算表!C:C=G70),0))} -> 0 | J70: =H70*I70 -> 0 | N70: =J70-M70+L70 -> 0 | O70: =N70/3600 -> 0
H71: {=INDEX(成本核算表!J:J,MATCH(1,(成本核算表!D:D=E71)*(成本核算表!C:C=G71),0))} -> 0 | J71: =H71*I71 -> 0 | N71: =J71-M71+L71 -> 0 | O71: =N71/3600 -> 0
H72: {=INDEX(成本核算表!J:J,MATCH(1,(成本核算表!D:D=E72)*(成本核算表!C:C=G72),0))} -> 0 | J72: =H72*I72 -> 0 | N72: =J72-M72+L72 -> 0 | O72: =N72/3600 -> 0
H73: {=INDEX(成本核算表!J:J,MATCH(1,(成本核算表!D:D=E73)*(成本核算表!C:C=G73),0))} -> 0 | J73: =H73*I73 -> 0 | N73: =J73-M73+L73 -> 0 | O73: =N73/3600 -> 0
H74: {=INDEX(成本核算表!J:J,MATCH(1,(成本核算表!D:D=E74)*(成本核算表!C:C=G74),0))} -> 0 | J74: =H74*I74 -> 0 | N74: =J74-M74+L74 -> 0 | O74: =N74/3600 -> 0
H75: {=INDEX(成本核算表!J:J,MATCH(1,(成本核算表!D:D=E75)*(成本核算表!C:C=G75),0))} -> 0 | J75: =H75*I75 -> 0 | N75: =J75-M75+L75 -> 0 | O75: =N75/3600 -> 0
H76: {=INDEX(成本核算表!J:J,MATCH(1,(成本核算表!D:D=E76)*(成本核算表!C:C=G76),0))} -> 0 | J76: =H76*I76 -> 0 | N76: =J76-M76+L76 -> 0 | O76: =N76/3600 -> 0
... H101: {=INDEX(成本核算表!J:J,MATCH(1,(成本核算表!D:D=E101)*(成本核算表!C:C=G101),0))} -> 0 | J101: =H101*I101 -> 0 | N101: =J101-M101+L101 -> 0 | O101: =N101/3600 -> 0

Sheet 张海蝶
A1: 日期 | B1: 出勤工时 | C1: 工时效率 | D1: 项目号 | E1: 产品型号 | F1: 长度（mm） | G1: 工序 | H1: 单件标准工时（S/支） | I1: 合格产量（支数） | J1: 合格工时（S） | K1: 个人不良产量（支数） | L1: 加分项 | M1: 减分项 | N1: 考核合计工时（秒） | O1: 合计（小时） | P1: 说明 | Q1: 备注
A2: 46082 | B2: 9.5 | C2: =O2/B2 -> 1.3532164 | D2: 25090907-02 | E2: 113-80 | F2: 1942 | G2: 检验 | H2: {=INDEX(成本核算表!J:J,MATCH(1,(成本核算表!D:D=E2)*(成本核算表!C:C=G2),0))} -> 40 | I2: =1157 -> 1157 | J2: =H2*I2 -> 46280 | M2: =K2*H2 -> 0 | N2: =J2-M2+L2 -> 46280 | O2: =N2/3600 -> 12.855556
A3: 46083 | B3: 11 | C3: =SUM(O3:O4)/B3 -> 1.2929293 | D3: 26020502-01 | E3: 105-330 | F3: 260 | G3: CNC1 | H3: {=INDEX(成本核算表!J:J,MATCH(1,(成本核算表!D:D=E3)*(成本核算表!C:C=G3),0))} -> 50 | I3: 400 | J3: =H3*I3 -> 20000 | L3: 7200 | M3: =K3*H3 -> 0 | N3: =J3-M3+L3 -> 27200 | O3: =N3/3600 -> 7.5555556 | Q3: 带新工 尚伦英
A4: 46083 | D4: 26020502-01 | E4: 105-330 | F4: 260 | G4: CNC2 | H4: {=INDEX(成本核算表!J:J,MATCH(1,(成本核算表!D:D=E4)*(成本核算表!C:C=G4),0))} -> 60 | I4: 400 | J4: =H4*I4 -> 24000 | M4: =K4*H4 -> 0 | N4: =J4-M4+L4 -> 24000 | O4: =N4/3600 -> 6.6666667
A5: 46084 | B5: 11 | C5: =SUM(O5:O6)/B5 -> 1.2929293 | D5: 26020502-01 | E5: 105-330 | F5: 260 | G5: CNC1 | H5: {=INDEX(成本核算表!J:J,MATCH(1,(成本核算表!D:D=E5)*(成本核算表!C:C=G5),0))} -> 50 | I5: 400 | J5: =H5*I5 -> 20000 | L5: 7200 | M5: =K5*H5 -> 0 | N5: =J5-M5+L5 -> 27200 | O5: =N5/3600 -> 7.5555556 | Q5: 带新工 尚伦英
A6: 46084 | D6: 26020502-01 | E6: 105-330 | F6: 260 | G6: CNC2 | H6: {=INDEX(成本核算表!J:J,MATCH(1,(成本核算表!D:D=E6)*(成本核算表!C:C=G6),0))} -> 60 | I6: 400 | J6: =H6*I6 -> 24000 | M6: =K6*H6 -> 0 | N6: =J6-M6+L6 -> 24000 | O6: =N6/3600 -> 6.6666667
A7: 46085 | B7: 11 | C7: =SUM(O7:O8)/B7 -> 1.2914141 | D7: 26020502-01 | E7: 105-330 | F7: 260 | G7: CNC1 | H7: {=INDEX(成本核算表!J:J,MATCH(1,(成本核算表!D:D=E7)*(成本核算表!C:C=G7),0))} -> 50 | I7: 400 | J7: =H7*I7 -> 20000 | L7: 7200 | M7: =K7*H7 -> 0 | N7: =J7-M7+L7 -> 27200 | O7: =N7/3600 -> 7.5555556
A8: 46085 | D8: 26020502-01 | E8: 105-330 | F8: 260 | G8: CNC2 | H8: {=INDEX(成本核算表!J:J,MATCH(1,(成本核算表!D:D=E8)*(成本核算表!C:C=G8),0))} -> 60 | I8: 401 | J8: =H8*I8 -> 24060 | K8: 2 | M8: =K8*H8 -> 120 | N8: =J8-M8+L8 -> 23940 | O8: =N8/3600 -> 6.65
A9: 46086 | B9: 11 | C9: =SUM(O9:O10)/B9 -> 1.1111111 | D9: 26020502-01 | E9: 105-330 | F9: 260 | G9: CNC1 | H9: {=INDEX(成本核算表!J:J,MATCH(1,(成本核算表!D:D=E9)*(成本核算表!C:C=G9),0))} -> 50 | I9: 400 | J9: =H9*I9 -> 20000 | M9: =K9*H9 -> 0 | N9: =J9-M9+L9 -> 20000 | O9: =N9/3600 -> 5.5555556
A10: 46086 | D10: 26020502-01 | E10: 105-330 | F10: 260 | G10: CNC2 | H10: {=INDEX(成本核算表!J:J,MATCH(1,(成本核算表!D:D=E10)*(成本核算表!C:C=G10),0))} -> 60 | I10: 400 | J10: =H10*I10 -> 24000 | M10: =K10*H10 -> 0 | N10: =J10-M10+L10 -> 24000 | O10: =N10/3600 -> 6.6666667
A11: 46087 | B11: 11 | C11: =SUM(O11:O12)/B11 -> 1.2989899 | D11: 26020502-01 | E11: 105-330 | F11: 260 | G11: CNC1 | H11: {=INDEX(成本核算表!J:J,MATCH(1,(成本核算表!D:D=E11)*(成本核算表!C:C=G11),0))} -> 50 | I11: 400 | J11: =H11*I11 -> 20000 | L11: 7200 | M11: =K11*H11 -> 0 | N11: =J11-M11+L11 -> 27200 | O11: =N11/3600 -> 7.5555556 | Q11: 带新工
A12: 46087 | D12: 26020502-01 | E12: 105-330 | F12: 260 | G12: CNC2 | H12: {=INDEX(成本核算表!J:J,MATCH(1,(成本核算表!D:D=E12)*(成本核算表!C:C=G12),0))} -> 60 | I12: 412 | J12: =H12*I12 -> 24720 | K12: 8 | M12: =K12*H12 -> 480 | N12: =J12-M12+L12 -> 24240 | O12: =N12/3600 -> 6.7333333
A13: 46088 | B13: 11 | C13: =SUM(O13:O14)/B13 -> 1.1111111 | D13: 26020502-01 | E13: 105-330 | F13: 260 | G13: CNC1 | H13: {=INDEX(成本核算表!J:J,MATCH(1,(成本核算表!D:D=E13)*(成本核算表!C:C=G13),0))} -> 50 | I13: 400 | J13: =H13*I13 -> 20000 | M13: =K13*H13 -> 0 | N13: =J13-M13+L13 -> 20000 | O13: =N13/3600 -> 5.5555556 | Q13: 带新工
A14: 46088 | D14: 26020502-01 | E14: 105-330 | F14: 260 | G14: CNC2 | H14: {=INDEX(成本核算表!J:J,MATCH(1,(成本核算表!D:D=E14)*(成本核算表!C:C=G14),0))} -> 60 | I14: 400 | J14: =H14*I14 -> 24000 | M14: =K14*H14 -> 0 | N14: =J14-M14+L14 -> 24000 | O14: =N14/3600 -> 6.6666667
A15: 46089 | B15: 12 | C15: =SUM(O15:O18)/B15 -> 0.97060185 | D15: 26030516-01 | E15: 269-390 | F15: 380.85 | G15: CNC1 | H15: {=INDEX(成本核算表!J:J,MATCH(1,(成本核算表!D:D=E15)*(成本核算表!C:C=G15),0))} -> 270 | I15: 19 | J15: =H15*I15 -> 5130 | M15: =K15*H15 -> 0 | N15: =J15-M15+L15 -> 5130 | O15: =N15/3600 -> 1.425
A16: 46089 | D16: 26030516-01 | E16: 269-390 | F16: 380.85 | G16: CNC2 | H16: {=INDEX(成本核算表!J:J,MATCH(1,(成本核算表!D:D=E16)*(成本核算表!C:C=G16),0))} -> 160 | I16: 1 | J16: =H16*I16 -> 160 | M16: =K16*H16 -> 0 | N16: =J16-M16+L16 -> 160 | O16: =N16/3600 -> 0.044444444
A17: 46089 | D17: 26030516-02 | E17: 269-390 | F17: 380.85 | G17: CNC2 | H17: {=INDEX(成本核算表!J:J,MATCH(1,(成本核算表!D:D=E17)*(成本核算表!C:C=G17),0))} -> 160 | I17: 54 | J17: =H17*I17 -> 8640 | M17: =K17*H17 -> 0 | N17: =J17-M17+L17 -> 8640 | O17: =N17/3600 -> 2.4
A18: 46089 | D18: 26022505-01 | E18: 258-462 | F18: 140 | G18: CNC2 | H18: {=INDEX(成本核算表!J:J,MATCH(1,(成本核算表!D:D=E18)*(成本核算表!C:C=G18),0))} -> 700 | I18: 40 | J18: =H18*I18 -> 28000 | M18: =K18*H18 -> 0 | N18: =J18-M18+L18 -> 28000 | O18: =N18/3600 -> 7.7777778
A19: 46090 | B19: 11 | C19: =SUM(O19:O20)/B19 -> 1.1111111 | D19: 26020502-01 | E19: 105-330 | F19: 260 | G19: CNC1 | H19: {=INDEX(成本核算表!J:J,MATCH(1,(成本核算表!D:D=E19)*(成本核算表!C:C=G19),0))} -> 50 | I19: 400 | J19: =H19*I19 -> 20000 | M19: =K19*H19 -> 0 | N19: =J19-M19+L19 -> 20000 | O19: =N19/3600 -> 5.5555556
A20: 46090 | D20: 26020502-01 | E20: 105-330 | F20: 260 | G20: CNC2 | H20: {=INDEX(成本核算表!J:J,MATCH(1,(成本核算表!D:D=E20)*(成本核算表!C:C=G20),0))} -> 60 | I20: 400 | J20: =H20*I20 -> 24000 | M20: =K20*H20 -> 0 | N20: =J20-M20+L20 -> 24000 | O20: =N20/3600 -> 6.6666667
A21: 46091 | B21: 12 | C21: =SUM(O21:O22)/B21 -> 1.0097222 | D21: 26022504-04 | E21: 213-553 | F21: 1960 | G21: CNC | H21: {=INDEX(成本核算表!J:J,MATCH(1,(成本核算表!D:D=E21)*(成本核算表!C:C=G21),0))} -> 60 | I21: 157 | J21: =H21*I21 -> 9420 | L21: 7200 | M21: =K21*H21 -> 0 | N21: =J21-M21+L21 -> 16620 | O21: =N21/3600 -> 4.6166667
A22: 46091 | D22: 26022504-03 | E22: 213-553 | F22: 1960 | G22: CNC | H22: {=INDEX(成本核算表!J:J,MATCH(1,(成本核算表!D:D=E22)*(成本核算表!C:C=G22),0))} -> 60 | I22: 450 | J22: =H22*I22 -> 27000 | M22: =K22*H22 -> 0 | N22: =J22-M22+L22 -> 27000 | O22: =N22/3600 -> 7.5
A23: 46092 | B23: 12 | C23: =SUM(O23:O26)/B23 -> 0.90763889 | D23: 26022504-01 | E23: 213-553 | F23: 780 | G23: CNC | H23: {=INDEX(成本核算表!J:J,MATCH(1,(成本核算表!D:D=E23)*(成本核算表!C:C=G23),0))} -> 60 | I23: 252 | J23: =H23*I23 -> 15120 | M23: =K23*H23 -> 0 | N23: =J23-M23+L23 -> 15120 | O23: =N23/3600 -> 4.2
A24: 46092 | D24: 26031101-01 | E24: 105-257 | F24: 2470 | G24: CNC | H24: 150 | I24: 15 | J24: =H24*I24 -> 2250 | M24: =K24*H24 -> 0 | N24: =J24-M24+L24 -> 2250 | O24: =N24/3600 -> 0.625
A25: 46092 | D25: 26022504-04 | E25: 213-553 | F25: 1960 | G25: CNC | H25: {=INDEX(成本核算表!J:J,MATCH(1,(成本核算表!D:D=E25)*(成本核算表!C:C=G25),0))} -> 60 | I25: 280 | J25: =H25*I25 -> 16800 | M25: =K25*H25 -> 0 | N25: =J25-M25+L25 -> 16800 | O25: =N25/3600 -> 4.6666667
A26: 46092 | D26: 26022504-03 | E26: 213-553 | F26: 1960 | G26: CNC | H26: {=INDEX(成本核算表!J:J,MATCH(1,(成本核算表!D:D=E26)*(成本核算表!C:C=G26),0))} -> 60 | I26: 84 | J26: =H26*I26 -> 5040 | M26: =K26*H26 -> 0 | N26: =J26-M26+L26 -> 5040 | O26: =N26/3600 -> 1.4
A27: 46093 | B27: 12 | C27: =SUM(O27:O28)/B27 -> 1.0185185 | D27: 26020502-01 | E27: 105-330 | F27: 260 | G27: CNC1 | H27: {=INDEX(成本核算表!J:J,MATCH(1,(成本核算表!D:D=E27)*(成本核算表!C:C=G27),0))} -> 50 | I27: 400 | J27: =H27*I27 -> 20000 | M27: =K27*H27 -> 0 | N27: =J27-M27+L27 -> 20000 | O27: =N27/3600 -> 5.5555556
A28: 46093 | D28: 26020502-01 | E28: 105-330 | F28: 260 | G28: CNC2 | H28: {=INDEX(成本核算表!J:J,MATCH(1,(成本核算表!D:D=E28)*(成本核算表!C:C=G28),0))} -> 60 | I28: 400 | J28: =H28*I28 -> 24000 | M28: =K28*H28 -> 0 | N28: =J28-M28+L28 -> 24000 | O28: =N28/3600 -> 6.6666667
A29: 46094 | B29: 12 | C29: =SUM(O29:O30)/B29 -> 1.0185185 | D29: 26020502-01 | E29: 105-330 | F29: 260 | G29: CNC1 | H29: {=INDEX(成本核算表!J:J,MATCH(1,(成本核算表!D:D=E29)*(成本核算表!C:C=G29),0))} -> 50 | I29: 400 | J29: =H29*I29 -> 20000 | M29: =K29*H29 -> 0 | N29: =J29-M29+L29 -> 20000 | O29: =N29/3600 -> 5.5555556
A30: 46094 | D30: 26020502-01 | E30: 105-330 | F30: 260 | G30: CNC2 | H30: {=INDEX(成本核算表!J:J,MATCH(1,(成本核算表!D:D=E30)*(成本核算表!C:C=G30),0))} -> 60 | I30: 400 | J30: =H30*I30 -> 24000 | M30: =K30*H30 -> 0 | N30: =J30-M30+L30 -> 24000 | O30: =N30/3600 -> 6.6666667
A31: 46095 | B31: 12 | C31: =SUM(O31:O33)/B31 -> 0.97361111 | D31: 26022504-03 | E31: 213-553 | F31: 1960 | G31: CNC | H31: {=INDEX(成本核算表!J:J,MATCH(1,(成本核算表!D:D=E31)*(成本核算表!C:C=G31),0))} -> 60 | I31: 302 | J31: =H31*I31 -> 18120 | M31: =K31*H31 -> 0 | N31: =J31-M31+L31 -> 18120 | O31: =N31/3600 -> 5.0333333
A32: 46095 | D32: 26022504-04 | E32: 213-553 | F32: 1960 | G32: CNC | H32: {=INDEX(成本核算表!J:J,MATCH(1,(成本核算表!D:D=E32)*(成本核算表!C:C=G32),0))} -> 60 | I32: 136 | J32: =H32*I32 -> 8160 | M32: =K32*H32 -> 0 | N32: =J32-M32+L32 -> 8160 | O32: =N32/3600 -> 2.2666667
A33: 46095 | D33: 26022504-01 | E33: 213-553 | F33: 780 | G33: CNC | H33: {=INDEX(成本核算表!J:J,MATCH(1,(成本核算表!D:D=E33)*(成本核算表!C:C=G33),0))} -> 60 | I33: 263 | J33: =H33*I33 -> 15780 | M33: =K33*H33 -> 0 | N33: =J33-M33+L33 -> 15780 | O33: =N33/3600 -> 4.3833333
H34: {=INDEX(成本核算表!J:J,MATCH(1,(成本核算表!D:D=E34)*(成本核算表!C:C=G34),0))} -> 0 | J34: =H34*I34 -> 0 | M34: =K34*H34 -> 0 | N34: =J34-M34+L34 -> 0 | O34: =N34/3600 -> 0
A35: 46097 | B35: 11 | C35: =SUM(O35:O36)/B35 -> 0.9530303 | D35: 26022504-03 | E35: 213-553 | F35: 1960 | G35: CNC | H35: {=INDEX(成本核算表!J:J,MATCH(1,(成本核算表!D:D=E35)*(成本核算表!C:C=G35),0))} -> 60 | I35: 277 | J35: =H35*I35 -> 16620 | M35: =K35*H35 -> 0 | N35: =J35-M35+L35 -> 16620 | O35: =N35/3600 -> 4.6166667
A36: 46097 | D36: 26022504-04 | E36: 213-553 | F36: 1960 | G36: CNC | H36: {=INDEX(成本核算表!J:J,MATCH(1,(成本核算表!D:D=E36)*(成本核算表!C:C=G36),0))} -> 60 | I36: 352 | J36: =H36*I36 -> 21120 | M36: =K36*H36 -> 0 | N36: =J36-M36+L36 -> 21120 | O36: =N36/3600 -> 5.8666667
A37: 46098 | B37: 11 | C37: =SUM(O37:O39)/B37 -> 1.0166667 | D37: 26022504-01 | E37: 213-553 | F37: 780 | G37: CNC | H37: {=INDEX(成本核算表!J:J,MATCH(1,(成本核算表!D:D=E37)*(成本核算表!C:C=G37),0))} -> 60 | I37: 304 | J37: =H37*I37 -> 18240 | M37: =K37*H37 -> 0 | N37: =J37-M37+L37 -> 18240 | O37: =N37/3600 -> 5.0666667
A38: 46098 | D38: 26022504-03 | E38: 213-553 | F38: 1960 | G38: CNC | H38: {=INDEX(成本核算表!J:J,MATCH(1,(成本核算表!D:D=E38)*(成本核算表!C:C=G38),0))} -> 60 | I38: 198 | J38: =H38*I38 -> 11880 | M38: =K38*H38 -> 0 | N38: =J38-M38+L38 -> 11880 | O38: =N38/3600 -> 3.3
A39: 46098 | D39: 26022504-04 | E39: 213-553 | F39: 1960 | G39: CNC | H39: {=INDEX(成本核算表!J:J,MATCH(1,(成本核算表!D:D=E39)*(成本核算表!C:C=G39),0))} -> 60 | I39: 169 | J39: =H39*I39 -> 10140 | M39: =K39*H39 -> 0 | N39: =J39-M39+L39 -> 10140 | O39: =N39/3600 -> 2.8166667
A40: 46099 | B40: 11 | C40: =SUM(O40:O42)/B40 -> 1.080303 | D40: 26022504-03 | E40: 213-553 | F40: 1960 | G40: CNC | H40: {=INDEX(成本核算表!J:J,MATCH(1,(成本核算表!D:D=E40)*(成本核算表!C:C=G40),0))} -> 60 | I40: 348 | J40: =H40*I40 -> 20880 | M40: =K40*H40 -> 0 | N40: =J40-M40+L40 -> 20880 | O40: =N40/3600 -> 5.8
A41: 46099 | D41: 26022504-04 | E41: 213-553 | F41: 1960 | G41: CNC | H41: {=INDEX(成本核算表!J:J,MATCH(1,(成本核算表!D:D=E41)*(成本核算表!C:C=G41),0))} -> 60 | I41: 315 | J41: =H41*I41 -> 18900 | M41: =K41*H41 -> 0 | N41: =J41-M41+L41 -> 18900 | O41: =N41/3600 -> 5.25
A42: 46099 | D42: 26022504-01 | E42: 213-553 | F42: 780 | G42: CNC | H42: {=INDEX(成本核算表!J:J,MATCH(1,(成本核算表!D:D=E42)*(成本核算表!C:C=G42),0))} -> 60 | I42: 50 | J42: =H42*I42 -> 3000 | M42: =K42*H42 -> 0 | N42: =J42-M42+L42 -> 3000 | O42: =N42/3600 -> 0.83333333
A43: 46100 | B43: 11 | C43: =SUM(O43:O47)/B43 -> 1.0354798 | E43: 03-10 | F43: 2015 | G43: CNC | H43: {=INDEX(成本核算表!J:J,MATCH(1,(成本核算表!D:D=E43)*(成本核算表!C:C=G43),0))} -> 120 | I43: 10 | J43: =H43*I43 -> 1200 | L43: 18000 | M43: =K43*H43 -> 0 | N43: =J43-M43+L43 -> 19200 | O43: =N43/3600 -> 5.3333333
A44: 46100 | E44: 03-03 | F44: 334 | G44: CNC1 | H44: {=INDEX(成本核算表!J:J,MATCH(1,(成本核算表!D:D=E44)*(成本核算表!C:C=G44),0))} -> 75 | I44: 43 | J44: =H44*I44 -> 3225 | M44: =K44*H44 -> 0 | N44: =J44-M44+L44 -> 3225 | O44: =N44/3600 -> 0.89583333
A45: 46100 | E45: 03-03 | F45: 334 | G45: CNC2 | H45: {=INDEX(成本核算表!J:J,MATCH(1,(成本核算表!D:D=E45)*(成本核算表!C:C=G45),0))} -> 160 | I45: 43 | J45: =H45*I45 -> 6880 | M45: =K45*H45 -> 0 | N45: =J45-M45+L45 -> 6880 | O45: =N45/3600 -> 1.9111111
A46: 46100 | E46: 03-02 | F46: 384 | G46: CNC1 | H46: {=INDEX(成本核算表!J:J,MATCH(1,(成本核算表!D:D=E46)*(成本核算表!C:C=G46),0))} -> 90 | I46: 44 | J46: =H46*I46 -> 3960 | K46: 2 | M46: =K46*H46 -> 180 | N46: =J46-M46+L46 -> 3780 | O46: =N46/3600 -> 1.05
A47: 46100 | E47: 03-02 | F47: 384 | G47: CNC2 | H47: {=INDEX(成本核算表!J:J,MATCH(1,(成本核算表!D:D=E47)*(成本核算表!C:C=G47),0))} -> 180 | I47: 44 | J47: =H47*I47 -> 7920 | M47: =K47*H47 -> 0 | N47: =J47-M47+L47 -> 7920 | O47: =N47/3600 -> 2.2
A48: 46101 | B48: 11 | C48: =SUM(O48:O49)/B48 -> 1.1111111 | D48: 26020502-01 | E48: 105-330 | F48: 260 | G48: CNC1 | H48: {=INDEX(成本核算表!J:J,MATCH(1,(成本核算表!D:D=E48)*(成本核算表!C:C=G48),0))} -> 50 | I48: 400 | J48: =H48*I48 -> 20000 | M48: =K48*H48 -> 0 | N48: =J48-M48+L48 -> 20000 | O48: =N48/3600 -> 5.5555556
A49: 46101 | D49: 26020502-01 | E49: 105-330 | F49: 260 | G49: CNC2 | H49: {=INDEX(成本核算表!J:J,MATCH(1,(成本核算表!D:D=E49)*(成本核算表!C:C=G49),0))} -> 60 | I49: 400 | J49: =H49*I49 -> 24000 | M49: =K49*H49 -> 0 | N49: =J49-M49+L49 -> 24000 | O49: =N49/3600 -> 6.6666667
H50: {=INDEX(成本核算表!J:J,MATCH(1,(成本核算表!D:D=E50)*(成本核算表!C:C=G50),0))} -> 0 | J50: =H50*I50 -> 0 | M50: =K50*H50 -> 0 | N50: =J50-M50+L50 -> 0 | O50: =N50/3600 -> 0
H51: {=INDEX(成本核算表!J:J,MATCH(1,(成本核算表!D:D=E51)*(成本核算表!C:C=G51),0))} -> 0 | J51: =H51*I51 -> 0 | M51: =K51*H51 -> 0 | N51: =J51-M51+L51 -> 0 | O51: =N51/3600 -> 0
H52: {=INDEX(成本核算表!J:J,MATCH(1,(成本核算表!D:D=E52)*(成本核算表!C:C=G52),0))} -> 0 | J52: =H52*I52 -> 0 | M52: =K52*H52 -> 0 | N52: =J52-M52+L52 -> 0 | O52: =N52/3600 -> 0
H53: {=INDEX(成本核算表!J:J,MATCH(1,(成本核算表!D:D=E53)*(成本核算表!C:C=G53),0))} -> 0 | J53: =H53*I53 -> 0 | M53: =K53*H53 -> 0 | N53: =J53-M53+L53 -> 0 | O53: =N53/3600 -> 0
H54: {=INDEX(成本核算表!J:J,MATCH(1,(成本核算表!D:D=E54)*(成本核算表!C:C=G54),0))} -> 0 | J54: =H54*I54 -> 0 | M54: =K54*H54 -> 0 | N54: =J54-M54+L54 -> 0 | O54: =N54/3600 -> 0
H55: {=INDEX(成本核算表!J:J,MATCH(1,(成本核算表!D:D=E55)*(成本核算表!C:C=G55),0))} -> 0 | J55: =H55*I55 -> 0 | M55: =K55*H55 -> 0 | N55: =J55-M55+L55 -> 0 | O55: =N55/3600 -> 0
H56: {=INDEX(成本核算表!J:J,MATCH(1,(成本核算表!D:D=E56)*(成本核算表!C:C=G56),0))} -> 0 | J56: =H56*I56 -> 0 | M56: =K56*H56 -> 0 | N56: =J56-M56+L56 -> 0 | O56: =N56/3600 -> 0
H57: {=INDEX(成本核算表!J:J,MATCH(1,(成本核算表!D:D=E57)*(成本核算表!C:C=G57),0))} -> 0 | J57: =H57*I57 -> 0 | M57: =K57*H57 -> 0 | N57: =J57-M57+L57 -> 0 | O57: =N57/3600 -> 0
H58: {=INDEX(成本核算表!J:J,MATCH(1,(成本核算表!D:D=E58)*(成本核算表!C:C=G58),0))} -> 0 | J58: =H58*I58 -> 0 | M58: =K58*H58 -> 0 | N58: =J58-M58+L58 -> 0 | O58: =N58/3600 -> 0
H59: {=INDEX(成本核算表!J:J,MATCH(1,(成本核算表!D:D=E59)*(成本核算表!C:C=G59),0))} -> 0 | J59: =H59*I59 -> 0 | M59: =K59*H59 -> 0 | N59: =J59-M59+L59 -> 0 | O59: =N59/3600 -> 0
H60: {=INDEX(成本核算表!J:J,MATCH(1,(成本核算表!D:D=E60)*(成本核算表!C:C=G60),0))} -> 0 | J60: =H60*I60 -> 0 | M60: =K60*H60 -> 0 | N60: =J60-M60+L60 -> 0 | O60: =N60/3600 -> 0
H61: {=INDEX(成本核算表!J:J,MATCH(1,(成本核算表!D:D=E61)*(成本核算表!C:C=G61),0))} -> 0 | J61: =H61*I61 -> 0 | M61: =K61*H61 -> 0 | N61: =J61-M61+L61 -> 0 | O61: =N61/3600 -> 0
... H99: {=INDEX(成本核算表!J:J,MATCH(1,(成本核算表!D:D=E99)*(成本核算表!C:C=G99),0))} -> 0 | J99: =H99*I99 -> 0 | M99: =K99*H99 -> 0 | N99: =J99-M99+L99 -> 0 | O99: =N99/3600 -> 0

Sheet 尚伦英
